area boschiva oltre situata altitudine fra metri destinata dalla comunita montana parco attrezzato	train
vicino stroncone borgo medievale arroccato colle ricoperto uliveti gelosamente protetto dalle solide mura castellane cela vero proprio luogo sogno circa mille metri altitudine	train
gole del nera dove natura cultura storia incontrano oltre duemila anni atmosfera unica sono una degna prosecuzione della valnerina dopo attraversamento della conca ternana del fiume nera	train
rocca trova nell isola polvese che insieme all isola maggiore alla minore occupa bacino del lago trasimeno	train
laisola maggiore seconda per grandezza del lago trasimeno presenta ricoperta una fitta vegetazione olivi lecci cipressi differenza dellaisola polvese della minore ancora oggi urbanizzata presenta infatti piccolo villaggio sulla riva occidentale	train
per raggiungere santuario della madonna dei miracoli bisogna recarsi castel rigone piccola frazione passignano sul trasimeno	train
piediluco borgo medievale sull omonimo lago breve distanza terni dalla cascata delle marmore	train
detto anche castello palazzo marchionale edificio storico forme medievali rinascimentali situato nel borgo monte santa maria tiberina	train
paciano piccolo borgo medievale adagiato sulle colline del lago trasimeno con ricco patrimonio artistico	train
avigliano umbro piccolo borgo origine romana che sorge sulla sommita colle meta distanza tra todi amelia	train
eggi borgo fortificato due passi dalla via flaminia spoleto dove potrai scoprire preziosi capolavori arte	train
rocca monaldi erge isolata nei pressi magione contornata folta vegetazione con molta probabilita eretta nel xiv secolo nel corso del tempo suba alcuni cambiamenti per renderla pia conforme all uso abitativo	train
chiesa convento sant agostino sorge sulla sommita colle coperto olivi poco sud del colle corciano	train
museo del merletto trova nel palazzo delle opere pie all interno del piccolo villaggio posto sulla riva occidentale dell isola maggiore	train
alle spalle spoleto bosco sacro meditazione preghiera scelto anche san francesco	train
centro paleontologia vegetale stato realizzato alla fine degli anni per supportare attivita studio sulla foresta fossile dunarobba ricostruendone caratteristiche geologiche climatiche faunistiche attraverso reperti pannelli esplicativi modelli scala	train
affascinante borgo umbro circondato colline boschi verdi vallate che offrono visitatore bellissime sfumature colori tutte stagioni dell anno	train
abbazia sant eutizio sorge breve distanza preci	train
rocca passignano sorge allainterno del paese posizione leggermente sopraelevata rispetto allaabitato sviluppatosi successivamente lungo riva del lago passignano significa aluogo del passoa cia riferimento probabilmente allaesistenza una struttura militare romana che controllava famoso apassoa via collegamento tra nord sud della penisola	train
museo nato nel grazie alla passione alcuni cittadini della locale pro loco alla cui iniziativa deve ricerca raccolta oggetti legati lavoro dei campi alle attivita domestiche artigianali	train
palazzo baldeschi sorge allainterno del piccolo borgo paciano	train
ricchissimo percorso espositivo anche interattivo nel caratteristico borgo san feliciano sulle sponde del lago trasimeno per conoscere laorigine del bacino lacustre sviluppo delle attivita ittiche esso legate	train
nato come ospedale dei cavalieri gerosolimitani attuali cavalieri malta intitolato giovanni battista nucleo originario del castello edificato alla meta del secolo xii non lontano dallaimportante asse viario tra perugia trasimeno toscana	train
edificato nei pressi magione castello zocco domina dall alto lago trasimeno nei secoli rappresenta pia possente insediamento militare della zona disponendo ben sette torri cui oggi rimangono cinque tre porte una poderosa cinta muraria	train
museo odierno sezione paciano del sistema museo diffuso dell archidiocesi perugia citta della pieve nasce collaborazione con soprintendenza beni storici artistici dell umbria dalla volonta valorizzare conservare pezzi memorie del passato della comunita cosa come gia ideato don aldo rossi nel	train
museo del vetro piegaro allestito all interno dell antica fabbrica del vetro risalente primi dell ottocento posta nel centro storico del paese	train
palazzo del capitano del popolo detto anche palazzo del capitano del contado trova alla fine via fusaiola nei pressi piazza coragino corciano	train
palazzo dei priori della mercanzia trova lungo corso principale corciano corso rotelli dove allineano tutti palazzi pubblici che documentano rilevanza politica economica del castello nel medioevo	train
palazzo della corgna certamente pia rilevante delle dimore signorili citta della pieve	train
casa romana esempio abitazione signorile della prima eta imperiale stile degli affreschi dei mosaici tipo muratura collocano casa romana nel secolo	train
complesso san francesco montone insediamento francescano risalente xiv secolo costituito dalla chiesa gotica dalla pinacoteca ospitata nell adiacente convento chiostro risalente xvi xvii secolo	train
palazzo del capra chiamato anche palazzo nardo sorge all interno del paese tuoro appena usciti dal centro abitato direzione sanguineto	train
piccola chiesa della madonna della crocetta sorge sulla strada che conduce paese piegaro	train
alla scoperta del pittoresco borgo medievale frazione massa martana tra storia archeologia natura	train
esistono due tipologie prosciutto norcia primo chiamato tipico norcia viene stagionato per massimo anno mentre secondo antico norcia viene stagionato per ben due anni	train
collegiata san michele arcangelo chiesa parrocchiale panicale	train
santuario della madonna della carraia situato lungo strada che congiunge localita panicarola quella carraia edificato nella seconda meta del xvii secolo	train
tempietto del clitunno piccolo sacello forma tempio trova nel comune campello sul clitunno piedi del castello pissignano dominante valle spoletina	train
una citta sotto citta dove nasconde affascinante intricato complesso cavita create dallauomo nei secoli	train
ubicata all interno dell abitato castiglione del lago rocca del leone domina parte orientale questo che protende verso lago trasimeno	train
poco distante dal lago trasimeno trova mugnano pittoresco borgo conosciuto nel mondo per suoi muri dipinti	train
teatro caporali sorge allainterno centro storico del borgo panicale merita essere visitato sia per laeleganza della struttura interna riccamente decorata sia per gli spettacoli teatrali che vengono allestiti	train
inaugurato nel museo sede nella cinquecentesca chiesa sant agostino panicale	train
santuario mongiovino della madonna mongiovino sorge breve distanza panicale circa appena sotto laantico castello mongiovino	train
santuario della madonna delle grondici sorge una posizione panoramica molto suggestiva nei pressi della frazione tavernelle nel comune panicale	train
chiesa della madonna della stella situata nella parte meridionale del piccolo borgo paciano appena fuori porta rastrella	train
nuovo spazio dedicato all arte contemporanea creato collezionisti angela massimo lauro per esporre parte della loro collezione personale	train
laimpianto strozzacapponi costituisce perfetto esempio necropoli organizzata secondo preciso disegno rito sepoltura quello dellaincinerazione normalmente utilizzato nel territorio perugino eta ellenistica corpo del defunto veniva bruciato ceneri raccolte allainterno urne travertino olle ceramica	train
chiesa parrocchiale santa maria assunta trova vicino alla piazza principale corciano intitolata coragino fondatore della citta che secondo antica leggenda era mitico compagno dell eroe greco ulisse	train
castello pieve del vescovo cosa chiamato percha secoli proprieta della mensa arcivescovile perugia sorge verde colle che domina valle del caina chilometro dal borgo corciano	train
the palazzo municipale corciano found corso cardinale luigi rotelli	train
produzione artigianale manufatti lino puro telai manuali fine secondo disegni originali medioevali rinascimentali	train
merletto orvietano tra tradizione innovazione arte antica impieghi moderni	train
antica tipografia fondata nel che utilizza per lavorazioni gli antichi macchinari impiegati nel passato tecniche tradizionali	train
punto condivisione tante storie cammino	train
costruita intorno xiii secolo torre dell orologio monteleone spoleto una delle tre porte della seconda cinta muraria	train
museo scientifico interattivo del comune della provincia perugia punto riferimento umbria per esplorare launiverso della cultura scientifica	train
collocato alle propaggini sud orientali dellaumbria con ramo che sconfina nel lazio lago piediluco rappresenta pia grande bacino lacustre naturale dellaumbria dopo trasimeno	train
parrano immerso nella collina umbra apprezzata meta turistica per presenza numerose sorgenti acqua utilizzate nelle cure idropiniche	train
vero proprio museo cielo aperto parco archeologia industriale campacci marmore situato vicino belvedere superiore della cascata delle marmore lungo sentiero nadeg	train
castello epoca tardo medievale xiii xiv secolo non presenta pia tracce fortificazione	train
piccolo nucleo medievale usigni sorge uno scosceso sperone roccioso che protende nella sottostante valle del tissino sulla quale affaccia anche caratteristico borgo poggiodomo	train
tratta dellaunico stabilimento termale umbria alimentato con acqua solfurea ricca calcio che indipendentemente dalla stagione mantiene sua temperatura costantemente adegc con notevoli caratteristiche qualita terapeutiche	train
introdotte umbria nella prima meta del xviii secolo patate sono diffuse macchia leopardo tutta regione	train
fichi girotti sono prodotto tipico della citta amelia farciti cioccolata frutta secca vengono prodotti confezionati dalla famiglia girotti dal sono tutt oggi prodotto pasticceria molto diffuso	train
coltivato zona fin dal xvii secolo uno dei sei presidi slow food della regione	train
rintracciabili unicamente nella tradizione della citta norcia coglioni mulo fondano propria origine nel consumo insaccati carne mulo del vicino abruzzo	train
preziosa unica per piccole dimensioni dal sapore inconfondibile coltivata sui piani carsici castelluccio norcia circa quadrati terreno circa metri altitudine allainterno del parco nazionale dei monti sibillini	train
laoro bianco dellaorvietano salvato dallaestinzione grazie allaimpegno dei coltivatori locali	train
piccolo legume tipico della zona colfiorito orgoglio della zona cascia dove presidio slow food	train
laorvieto doc tra vini umbri pia famosi rappresenta maggioranza dellaarea vitata della regione	train
una vastissima area sepolcrale della civilta umbro etrusca risalente sec lungo colline che digradano verso tevere meraviglioso patrimonio archeologico che riserva inaspettate sorprese	train
gola del bottaccione sito geologico scrigno arte	train
allestito nelle sale del vescovado museo della memoria assisi racconta storia trecento ebrei salvati grazie allo spirito dell accoglienza francescana assisi	train
caratteristico borgo preci sorge non distante norcia confine con regione marche	train
parco valcasana trova valnerina alle porte scheggino	train
uno spettacolare esempio architettura rinascimentale bramantesca dedicato seguito miracolo proprio sulla riva del torrente tatarena	train
dal pacifico all oceano indiano dal mar rosso mediterraneo malakos che con circa mila esemplari catalogati rappresenta collezione privata conchiglie pia grande europa	train
villa costruita nel territorio del comune allerona nel dal ricchissimo finanziere anversa edouard cahen	train
chiesa parrocchiale santa maria assunta sec trova all interno del borgo	train
una varieta farro molto antica cui prime tracce risalgono allaeta del bronzo che nel ottenuto denominazione origine protetta	train
alla scoperta dello scalo fluviale dell antica mevania	train
rivivete laappassionante storia dellaantico castello che domina unaaltura alla sinistra del tevere tra orvieto amelia	train
impossibile nominare sagrantino non pensare subito suo territorio origine montefalco balcone dell umbria come viene chiamato questo piccolo borgo cui gode una magnifica vista sulle valli circostanti	train
inaspettato viaggio sotterraneo alla scoperta delle radici della citta san francesco che con lingua degli antichi romani raccontano memorie del sottosuolo	train
prezioso sepolcreto etrusco immerso nel bosco pochi chilometri castel giorgio confine tra umbria lazio	train
sono diverse localita tra umbria lazio che rivendicano esatta ubicazione tuttavia secondo una serie verifiche condotte giuseppe angeletti studioso appassionato geografo perugia istituto geografico militare firenze centro geografico italia peninsulare sarebbe posizionato lungo percorso dell acquedotto romano della formina vicino uno dei ponti romani pia suggestivi della citta narni ponte cardona	train
borgo ceselli scheggino valnerina meta ideale per appassionati torrentismo	train
gioiello naturale poco conosciuto nascosto nelle pieghe della valnerina poca distanza preci salto venti metri sotto cielo dellaumbria	train
fondazione archeologia arborea onlus come scopo ricerca salvaguardia riproduzione alberi frutto via estinzione	train
recente denominazione origine per protagonista grechetto qui storicamente coltivato nella varieta conosciuta come todi	train
trebbiano spoletino quando vinificato purezza origine vino caratterizzato profumi piuttosto fruttati fresco abbastanza alcolico dalla spiccata acidita	train
grechetto malvasia ciliegiolo sangiovese sono vitigni pia coltivati una zona che pera nota per storica produzione vin santo vino dolce dal sapore ancestrale	train
basilica santa maria degli angeli sorse tra mentre palazzo del capitano trova nella piazza principale assisi piazza del comune	train
alla scoperta mondo fatto storia natura incontaminata panorami mozzafiato piccoli borghi	train
una passegiata nel bosco per scoprire questa interessante architettura etrusca	train
chiesa san domenico narni ubicata lungo via mazzini eretta nel xii secolo era origine antica cattedrale della citta dedicata santa maria maggiore	train
acquedotto romano detto formina esteso reticolo cunicoli corridoi realizzati nel secolo sotto impero tiberio che per secoli assicurato approvvigionamento idrico della citta narni tutto territorio circostante	train
complesso abbaziale trova nei pressi narni sulle pendici scoscese del monte santa croce	train
chiesa sorta insieme monastero annesso delle monache benedettine ora soppresso compiuta nel come testimoniano iscrizioni che leggono sulla volta	train
chiesa chiamata maria impensole percha costruita sul pendio costruzione ebbe sui resti una struttura pia antica datata all viii secolo cui mantenne struttura portante	train
pavimento mosaico tessere bianche nere risalente secolo pia integro raffinato segno lasciato bevagna dagli antichi romani che chiamarono citta mevania	train
museo sede nel trecentesco palazzo pietromarchi marsciano principale centro dellaumbria produzione laterizi citta interamente costruita mattoni	train
costruito nel dalla societa adella concordiaa sorta con scopo aoffrire diletto laeducazione col dare trattenimenti morali sia pubblici che privatia con progetto disegno dellaing nazareno biscarini	train
costruzione della chiesa santa maria assunta risale periodo precedente questa prima data cui hanno notizie certe dellaedificio	train
storia caratteristiche della ceramica deruta dal petal back calligrafico colori tradizione decorativa	train
chiesa san giovanni battista situata nell omonima piazza centro marsciano	train
nuova chiesa parrocchiale stata seconda opera del cardinale giovambattista altieri	train
palazzo altieri antica sede vescovi celebre per suoi giardini trova nel centro storico fratta todina	train
museo attiguo parco meritano una visita per particolarita della raccolta soprattutto dell area cui sorge	train
nel medioevo sono rispettivamente bertesca del castello che permetteva defensam muro comunis super suptus come voluto dagli statuti sua annessa domus integrata con unam domunculam pro stantia custodum per incrementare armamento difensivo ogni vicario uscente dopo sei mesi mandato lasciava comune unam balistam unam rotellam del valore due fiorini oro	train
raro esempio architettura castellana medioevale che risolve unica soluzione problemi della viabilita della difesa lungo perimetro interno della cinta muraria ponente sulla quale apre portam castri che sotto torre merlata tuttora ingresso principale del castello	train
chiesa pia antica fossato eretta origine per fungere monastero dei camaldolesi	train
trova sull omonima via appena fuori mura	train
chiesina santa maria della piaggiola definita anche come antica sede del monte pieta unico ambiente duecentesco con volta botte caratterizzato dagli affreschi ben conservati degli inizi del del eugubino ottaviano nelli	train
ponte spiano trova poco fuori sigillo unaopera costituita imponenti macigni che consentiva laattraversamento del torrente fonturci allaantica via flaminia	train
citta scheggia ricca storia immersa nel parco del monte cucco	train
simbolo legame con storia questo territorio confine ricco torri castelli	train
una chiesa costruita come ringraziamento per miracolosa guarigione della duchessa eleonora mendoza della corgna	train
calamita cosmica opera arte contemporanea gino dominicis ospitata dal centro italiano arte contemporanea nei locali dell chiesa della santissima trinita	train
nel punto pia alto della citta rocca maggiore assisi raggiungibile salendo via porta perlici nei pressi della cattedrale san rufino percorrendo circonvallazione esterna che arriva sulla cima del colle asio	train
piccolo gioiello fortificato completamente immerso nella natura circondato boschi elci querce castagni una vera propria terrazza naturale sul territorio circostante	train
museo ospitato all interno degli ambienti del palazzo del podesta nel centro storico gualdo tadino cittadina situata nella parte nord est dell umbria vicino confine con marche	train
basilica cattedrale san benedetto domina piazza maggiore gualdo tadino chiudendola visivamente sul lato orientale con sua facciata	train
palazzo comunale sorse seguito alla distruzione dell antico palazzo dei rettori delle arti dei priori causata del sisma del	train
contesto montagnadatazione xiii secololaantica badia raggiungibile dalla strada che sviluppa sulle pendici del monte catria partendo scheggia muovendo direzione sassoferrato sorge sulla confluenza tra fiume sentino rio freddo cui trae nome congiuntoli congiunzione	train
chiesa san francesco stata costruita intorno alla meta del xiii secolo ampliata all inizio del	train
chiesa santaagostino localizzata allainterno del borgo sigillo venne edificata tra dallaarchitetto svizzero giacomo cantoni sulle fondamenta dellaantica chiesa santa caterina cui oggi rimane sola cripta medievale restaurata dallaamministrazione comunale adibita centro culturale	train
sorge sullaantica via flaminia chiamata ora chiesa del cimitero edificata con elemosine del popolo nella meta del	train
chiesa faceva parte dell abbazia benedettina santa maria vado fabrice che alcuni studiosi indicano come luogo cui francesco trova ospitalita dopo aver abbandonato sua citta durante tragitto per gubbio	train
sorta nel xiv secolo all interno del castello valfabbrica ridosso del muro perimetrale	train
trova nella parte pia moderna del paese presso parco pubblico	train
santuario della madonna assunta cielo xii secolo stile romanico con una campana risalente	train
nuova attrazione turistica che esalta bellezza dellaarea del belvedere superiore attraverso lautilizzo tecnologie all avanguardia	train
piccolo centro etrusco alla sinistra del tevere controllato dalla vicina potente perusia perugia dota una possente cinta muraria che racchiudeva abitato organizzato sulla stessa sommita del colle occupata dal borgo medievale oggi dall attuale centro bettona	train
estende sulla sommita del pianoro pieve poche centinaia metri nord est del borgo collemancio compreso nel territorio comunale cannara	train
nell area etrusca sud est del capoluogo umbro sorge villa del boccaglione che commissionata dalla famiglia della penna secondo alcuni studiosi all architetto piermarini nel xviii secolo	train
museo del ricamo del tessile trova valtopina piano terra del palazzo comunale residenza signorile dei primi anni del secolo	train
santuario dell amore misericordioso trova collevalenza pochi chilometri todi	train
tempio san fortunato todi sorge piazza umberto cima una bella scalinata sopra resti complesso anteriore all anno mille	train
chiesa santa maria della pieta trova alla periferia settentrionale umbertide presso neoclassico ospedale civile	train
chiesa santa maria della reggia sorge umbertide piazza mazzini oltre ponte sul torrente reggia	train
chiesa san bernardino trova destra del chiostro della chiesa san francesco piazza san francesco nel centro storico umbertide	train
nella piazza del comune quasi esattamente circolare sorge palazzo comunale anticamente chiamato palazzo del popolo	train
chiesa san nicola sorge allainterno montecastrilli chiesa parrocchiale del paese	train
eremo montecorona trova poco distante dalla citta umbertide contesto isolato	train
pittoresco borgo preggio trova vicino confine con territorio del comune passignano sul trasimeno	train
nel centro storico umbertide	train
fitta vegetazione del bosco sacro ricopre monteluco slm collina che spettacolare ponte delle torri unisce alla citta spoleto	train
museo trova all interno della rocca nella parte alta del centro storico spoleto	train
una visita alla chiesa san giovanni battista eggi per ammirare gli affreschi giovanni pietro detto spagna	train
chiesa sant ala trova via sant ala uno slargo che apre lungo via febbraio terni	train
oratorio trova morra distante pochi chilometri citta castello	train
abbazia benedettina sorge colle dominante valle del torrente nestore circa sud citta castello	train
santuario cui venera antichissima immagine della madonna trova circa cinque chilometri citta castello lungo apecchiese che valicando appennino giunge fino mare adriatico	train
chiesa san francesco consacrata nel suba nel corso dei secoli notevoli modifiche ampliamenti	train
prima chiesa dedicata cascia santo assisi fondata nel ventuno anni dopo sua morte	train
convento francesco fondato secondo tradizione dallo stesso san francesco nel divenne nel xvii sec importante centro studi teologici storici eruditi	train
arco etrusco perugia monumentale ingresso alla citta tornato suo splendore dopo restauri brunello cucinelli	train
palazzo del popolo nel medioevo sede del podesta oggi ospita museo civico pinacoteca todi	train
bella posizione panoramica centro fabro trova chiesa san martino intitolata santo patrono dei cavalieri dei viaggiatori	train
citta castello territorio ricco eventi luoghi arte storia artigianato importanti tradizioni	train
immerso nel verde posizione dominante vallata speco narni luogo francescano pia antico della valnerina	train
era centro della vita del primo nucleo del castello monteleone orvieto davanti lato aveva portico cui testimonianza resta ancora leggibile sul muro del lato nord accanto sorgeva cimitero	train
castello fabro parte del territorio comunale fabro posizionato panoramico colle est del torrente chiani	train
situato punto strategicamente importante tra due citta perugia gubbio monastero benedettino maria valdiponte corbiniano detta montelabate inzia sua storia intorno secolo	train
santuario san francesco eremo francescano trova monteluco metri altitudine nei pressi antico bosco sacro alcune grotte naturali frequentate eremiti gia eta paleocristiana	train
chiesa san francesco gubbio una delle prime chiese dedicate santo assisi	train
chiesa san francesco terni santuario francescano con gli affreschi bartolomeo tommaso	train
chiesa san salvatore trova usigni nel comune poggiodomo commissionata nel dal cardinale fausto poli segretario privato papa urbano viii originario del piccolo borgo umbro	train
chiesa collegiata santa croce situata piazza mazzini venne costruita nel unitamente convento dall ordine dei frati minori convento ospita per qualche tempo beato corrado offida famoso predicatore francescano che mora bastia nel mentre stava annunciando avvento frati minori lasciarono santa croce nel clero regolare per volonta pontificia chiudere piccoli conventi	train
importante ritrovamento del tesoro canoscio oggi visitabile presso locale museo del duomo	train
costruito nella prima meta del iadeg secolo rimasto solo qualche muro della cavea sfruttata per ricavarvi alcune abitazioni medievali conserva forma tipica ellittica originaria	train
questo edificio pubblico costruito angelo orvieto qualche anno dopo quello del comune sembra incarico dei tarlati pietramala ultimato nel	train
palazzo vitelli che ospita suo interno pinacoteca comunale riaperta pubblico nel trova centro citta castello prossimo alle mura urbiche via della cannoniera	train
the palazzo dei priori found the charming location piazza del comune the political and cultural hub assisi	train
una visita duomo citta castello dedicato compatroni della citta florido amanzio	train
museo sede palazzo albizzini nel centro storico citta castello palazzo del secolo sobria architettura rinascimentale ascendenza fiorentina	train
importante museo arte contemporanea circa interamente dedicato alle opere alberto burri	train
chiesa san francesco prato cui affianca sinistra laoratorio san bernardino trova perugia piazza san francesco termine via dei priori	train
basilica santa chiara assisi racchiude tomba della santa crocifisso che parla san francesco	train
palazzo del capitano del popolo trova piazza del comune sinistra della chiesa santa maria sopra minerva	train
basilica maria degli angeli venne costruita tra sua struttura ingloba convento francescano cappella della porziuncola dove santo assisi fonda ordine francescano	train
chiesa convento san damiano trovano poco distanti dal centro storico assisi	train
santuario della spogliazione trova nella chiesa santa maria maggiore accanto vescovado antica cattedrale assisi dove venne battezzato san francesco	train
contesto urbano datazione xiii secolo chiesa san nicola nicola patrono della citta sorge pieno centro storico presso scheggino	train
chiesa parrocchiale san michele arcangelo bastia umbra sita nel centro cittadino piazza mazzini	train
fontana costruita sopra pozzo medievale stata inaugurata agosto serviva rifornire acqua centro storico della citta	train
palazzo dei consoli costruito nella seconda meta del xiii secolo forse quello stesso maestro prode cui deve palazzo comunale spello	train
chiesa san silvestro bevagna testimonianza dell architettura religiosa dello stile romanico umbro	train
complesso villa fidelia villa costanzi ubicato alla base una collina lungo strada centrale umbra nel territorio spello costruito nel xvi secolo dalla famiglia urbani sui resti santuario appartenente insieme sacrale epoca classica secolo passa nel xviii secolo donna teresa pamphili grillo che trasforma completamente	train
chiesa san francesco trova nell omonima piazza foligno	train
prima cattedrale della citta poi collegiata abolita federico nel ripristinata solamente nel per volonta papa paolo	train
centro bevagna lungo corso matteotti trova municipio gia palazzo lepri edificato nel tardo settecento dall architetto andrea vici per volere della famiglia presenta con una facciata neoclassica porta arricchita elegante rosta ferro battuto	train
chiesa della madonna del carmine trova nel borgo montefranco centro fortificato immerso tra olivi boschi querce ricco tesori artistici architettonici	train
edificio risultato dell opera prolungamento verso est innalzamento del primitivo palazzo comunale quello duecentesco costruito con pietra calcarea bianca rosa	train
opened the public since the museum housed the monastery held the ursulines since the first half the eighteenth century	train
all interno questa chiesa antica sede della confraternita antonio nel catino absidale collocato presepe monumentale terracotta policroma composto pia trenta statue realizzato tra dai fratelli abruzzesi giacomo raffaele montereale	train
maestro rinaldo iacovetti calvi was entrusted the community calvi with the building the church which was initially dedicated madonna delle grazie	train
chiesa francesco convento berardo sorgono circa metri dalle mura calvi dell umbria crinale collinare che divide valli otricoli magliano sabina all incrocio della vecchia strada per narni	train
chiesa maria assunta era chiesa matrice pia importante del paese situata nei pressi della porta ternana lungo via sabina oggi via roma tempo principale via comunicazione che attraversava centro abitato calvi	train
costruita antico oratorio benedettino chiesa san bernardino trova poco lontano dal centro abitato montefranco	train
pieve san gregorio trova lungo strada che unisce castel ritaldi colle del marchese facciata restaurata dopo terremoto del costituita alternanza strati orizzontali pietra bianca rossa sulla quale apre portale rincassi	train
databile xvii secolo chiesa san pancrazio trova centro del paese piazza giorgio della rovere	train
chiesa santa croce oggi santuario della madonna della stella sorge nella valle del noce isolata nel contesto agricolo poco distante dal borgo cerreto spoleto	train
antica citta citerna tra borghi pia belli italia	train
chiesa san francesco citerna ubicata lungo corso garibaldi edificata insieme all annesso convento francescano santa elisabetta ora sede del comune citerna nella seconda meta del secolo sulle fondamenta una costruzione preesistente visibile nella parte bassa della facciata	train
chiesa san michele arcangelo trova nel centro storico citerna dedicata santo patrono del piccolo borgo	train
chiesa santa maria assunta esempio edificio sacro romanico impianto architettonico poco comune nella regione navata unica absidata con transetto sporgente tiburio cupola sull incrocio dei bracci questo nucleo principale annessa una navatella addossata alla parete destra	train
chiesa san giacomo con monastero annesso ospita oggi sede del cedrav centro per documentazione antropologica valnerina facciata corrispondente alla parete sinistra della navata ornata portale archiacuto	train
centro citerna poco dopo palazzetto prosperi vitelli piccolo arco immette nel percorso del suggestivo camminamento medievale che corre lungo perimetro delle mura con aperture tutto arco perfettamente conservate dando vita una serie loggiati che offrono uno spettacolo veramente suggestivo	train
grande opera globale sempre aperta mai finita cui elementi del passato sovrappongono quelli del presente del futuro	train
conoscono sue origini alcuni documenti autentici conservati nell archivio della comunita del monastero dai quali desunto che nel tempo clemente dieci monache agostiniane riunirono professare regola chiara norcia per propagarne laordine	train
complesso monumentale francesco monteleone spoleto forse laopera pia significativa suggestiva per complessita storia sviluppo arte fede libro storie santi simbologie leggere con cura	train
borgo castelfiori nel comune montegabbione trova immerso nel verde circondato boschi	train
chiesa maria assunta cielo laattuale chiesa parrocchiale montegabbione	train
chiesa maria delle grazie sorge piedi del colle montegabbione titolo questa chiesetta tipicamente rinascimentale tradisce chiaramente suo carattere tempio votivo anche linea architettonica esterna forma croce latina cupola cilindrica sono considerarsi rinascimentali mentre allainterno altare maggiore stucchi sono derivazione barocca	train
castello attigliano sorge posizione pittoresca panoramica sul margine una terrazza dominante valle del tevere toponimo secondo tradizione popolare deriverebbe dai numerosi tigli che crescevano nelle vicinanze dal latino tiliam	train
chiesa moderna concezione risalente fregia vetrate artistiche concretizzate attraverso uso del mosaico snella imponente nella sua struttura moderna presenta sulla facciata grandi vetrate multicolori dalles che illustrano verita della fede grande mosaico raffigurante san lorenzo che distribuisce ricchezze della chiesa poveri	train
posta nella principale piazza dell antico borgo attigliano fontana dei delfini dei tritoni rimane uno dei simboli principali del luogo insieme castello venne realizzata nel ebbe duplice funzione arredo urbano approvigionamento idrico che era garantito due fonti pubbliche	train
chiesa santa cecilia patrona della citta risale xii secolo come pua notare dall abside	train
chiesa del sacramento costruita nel contrada piazza vecchia della societa del santissimo sacramento	train
chiesa della madonna del giglio situata fronte alla porta vecchia che nel passato consentiva accesso paese risale suo interno sono visibili numerosi affreschi alcuni dei quali ben conservati	train
posta fuori mura acquasparta fatta costruire nel dal cardinale matteo bentivenga acquasparta	train
scheggino castello pendio forma triangolare coronato vertice dal cassero una roccia	train
chiesa giovanni battista costruzione gotica dei sec xiii xiv una torre quadrata caratterizzata abside poligonale	train
chiesa san francesco conosciuta anche con madonna della croce trova all uscita del paese sellano	train
visita chiesa santa maria assunta arrone nel parco fluviale del nera lungo via francesco	train
storia caratteristiche della ceramica gualdo tadino dalla ginestra successo della tecnica del lustro	train
posizione dominante sulla valle del risacco val rasina rispettivamente affluente del chiascio torrente proveniente gualdo tadino casacastalda abitato originato dal castello fondato nel viii secolo longobardo discendente totila ernero castaldo cui nome casa del castaldo	train
antiquarium baschi custodisce reperti archeologici della fornace romana del sec rinvenuta localita scoppieto itinerario visita all interno del museo organizzato sezioni pannelli illustrati per spiegare fasi lavorazione dell argilla cartine geografiche con punti luminosi per individuare localita modellini della fornace delle navi trasporto servono creare ambiente stimolante ricco spunti per attivita didattiche	train
dal baschi sulla incastrato mezzo rocce fitta vegetazione nella gola del forello viene segnalato come centro escursionistico della pasquarella andando verso todi	train
museo unico mondo che raccoglie migliaia uova dipinte scolpite opere frutto della mostra concorso nazionale ovo pinto nata nel civitella del lago dalla geniale intuizione bernardini anacleto presidente associazione culturale giovanile	train
chiesa della santissima trinita sorge all interno avigliano umbro chiesa parrocchiale del paese venne edificata nel xvii secolo come parte integrante del castello della famiglia vici come legge documento vescovo todi rodolfo che consacra altare maggiore	train
poco fuori dal borgo toscolano nel comune avigliano umbro trova chiesa della madonna dell annunziata navata unica che ingloba suo interno come parete fondo edicola votiva decorata con affreschi attribuiti pittore rinascimentale umbro piermatteo amelia	train
chiesa san nicola trova localita val rose frazione crocicchie nel comune lisciano niccone	train
cattedrale dedicata santi mariano giacomo edificata piedi del monte ingino una chiesa romanica cui possono notare resti sul lato destro della facciata risale sec xiii xiv	train
chiesa santa maria nuova trova nel centro storico gubbio all interno del quartiere sant andrea all incrocio tra via savelli della porta via nelli	train
palazzo dei consoli ben visibile anche lontano trova nel centro storico gubbio	train
antiquarium allestito all interno casale che ingloba resti una casa romana domus con pregevoli decorazioni mosaico utilizzata partire dall eta augustea	train
originaria sede del mercato medievale piazza ora attrezzata parte parcheggio parte giardino	train
abbazia vallingegno sorge sulla cima una collina pochi chilometri gubbio immersa nella bella natura della campagna umbra	train
costruita sulla sommita del ripido monte ingino piedi del quale estende citta edificio che custodisce urna bronzo contenente corpo del santo patrono ubaldo	train
storia caratteristiche della ceramica gubbio dal lustro mastro giorgio grandi maestri del	train
chiesa santa maria infraportas affaccia sul lato occidentale piazza san domenico nel centro storico foligno	train
museo situato colfiorito piccola localita montagna comune foligno posta lungo importante snodo viario che collegava gia antico umbria sabina costa adriatica	train
sorge circa sud foligno direzione sant eraclio nell area una vasta necropoli pertinente alla citta romana fulginia	train
complesso francesco del secolo xiv oggi sede dellaauditorium della biblioteca comunale dellaarchivio storico	train
laarea archeologica ocriculum rappresenta per sue dimensioni ettari stato conservazione caratteristiche dei suoi monumenti per ricchezza dei materiali rinvenuti durante gli scavi uno dei centri pia importanti non solo dellaumbria dellaitalia	train
palazzo dei priori collocato angolo tra piazza novembre corso vannucci perugia	train
rocca paolina fortezza papale del xvi sec trova all interno del centro storico perugia possibile visitare sotterrani dall etrusca porta marzia piazza italia piazza partigiani	train
fondazione ranieri sorbello trova palazzo sorbello piazza piccinino nel pieno centro storico perugia due passi palazzo dei priori dalla cattedrale san lorenzo tra pozzo etrusco chiesa san severo	train
nella zona san marco perugia sotto vecchia ciminiera una storica fornace trova ampio locale che ospita museo del giocattolo circa spazio possibile ammirare collezione che consta circa giocattoli epoca dal giorni nostri	train
situata nel cuore del paese edificio risalente alla fine del secolo inizi del successivo costituito vano rettangolare coperto crocieraa con una grande cappella sulla sinistra quale origine doveva rappresentare nucleo della chiesa primitiva	train
museo situato allainterno del palazzo priorale otricoli collega con percorso didattico ideale attraverso reperti pannelli illustrativi tre identita storiche otricoli centro preromano laantica citta romana ocriculum laattuale centro storico medievale ricco materiali antichi riutilizzati nel tessuto urbano	train
chiesa parrocchiale otricoli dedicata santa maria assunta ubicata nel punto pia alto del paese sulla piazza principale considerata edificio del xii secolo fino anno del rinvenimento una nicchia con affreschi del sec realta importante esempio dellaarchitettura preromanica del vii secolo	train
chiesa ricordata come cappella salvatoris atto notarile del pianta rettangolare con campaniletto vela sopra facciata	train
estensione dell abitato romano carsulae era segnato nord dalla porta urbica nota come arco san damiano	train
contesto urbano datazione xiii secolo chiesa san francesco trova san gemini piazza san francesco ubicata ridosso del castello altomedievale allainterno della cerchia muraria tardoduecentesca	train
sua costruzione voluta nellaanno dal vescovo san volusiano ricostruita stile comanico nel sec accolse reliquie san gemine ebbe altri successivi rifacimenti fino alla attuale forma ottocentesca	train
chiesa ubicata fuori porta romana prossimita delle mura san gemini nella localita detta del fico nero	train
tempio epoca etrusca situato all estremita settentrionale della citta disposto una spianata panoramica	train
piazza san benedetto fulcro del regolare impianto urbano gia nell alto medioevo uno spazio sapientemente articolato funzione degli edifici monumentali che delimitano una stratificazione funzioni stili epoche dal gotico trecentesco rinnovamento ottocentesco	train
chiesa san michele arcangelo polino monumento attorno quale snoda nucleo urbano centrale della citta	train
basilica san benedetto prospiciente piazza omonima fulcro del centro storico della citta norcia	train
oratorio san bernardino rappresenta massimo esempio arte rinascimentale perugia	train
geolab uno spazio espositivo permanente dedicato alla divulgazione delle scienze della terra	train
palazzo dei priori edificio ricco elementi stupendi che rendono monumento tra pia belli dell architettura civica	train
pochi chilometri sud guardea poco distanti dalla statale amerina circondati querce grandi massi ergono resti della chiesa del convento illuminata	train
colle situato proprio alle spalle del paese guardea uno dei luoghi pia panoramici dellaamerino stagliano ruderi dellaantico castello guardea vecchia	train
nel ebbe inizio rifacimento della chiesa niccola prima risaliva xii sec progettista ippolito scalza urbevetanus come definisce lui stesso nella firma apposta sul gruppo marmoreo della pieta che trova nel duomo orvieto quale segua personalmente lavori per circa anni soltanto nell ultimo periodo sostituito antonio carrarino durante costruzione del campanile	train
chiesa maria simbolo fulcro della comunita della terra lugnano	train
costruito nel nello stesso luogo dove nel santo aveva predicato compiuto miracolo	train
costruzione della romana via flaminia risalente alla seconda meta del iii secolo aveva inizialmente una funzione tipo militare impiantava arteria rapido collegamento fra roma mare adriatico presenza infrastruttura come questa condiziona pesantemente evoluzione delle popolazioni limitrofe portando apertura culturale economica sociale	train
ricordata gia dalla ratio decimarum del xiii secolo registro delle decime che venivano riscosse dagli enti ecclesiastici chiesa parrocchiale san biagio porano assunto oggi aspetto molto differente quello originale quanto gli interventi sulla struttura sono stati numerosi	train
estende localita grotta traiana nella piccola frazione villa san faustino nel comune massa martana breve distanza dal tracciato antico della via flaminia dal ponte fonnaia	train
storia dell edificio legata indissolubilmente quella della famiglia bufalini che vantava personaggi affermatisi ambito ecclesiastico letterario giuridico	train
repubblica cospaia stata piccolo territorio indipendente dal febbraio giugno attualmente una frazione del comune san giustino	train
palazzo del municipio origine medievale stato rimaneggiato pia volte nel corso dei secoli stato ulteriormente rinnovato recente	train
raccoglie materiali pia antico recente ritrovamento costituisce assieme museo della fondazione faina una sintesi delle conoscenze archeologiche orvieto	train
costruito come fortificazione colle tra orvietano perugino conteso dai capitani ventura oggi castello montegiove elegante residenza aperta pubblico visitabile tutto anno	train
castruma costruito attorno all anno mille dagli orvietani per vigilare sul guado del chiani nel punto dove eta romana era stato eretto come argine praticabile muro grossoa venne trasformato possente castello con bastioni angolari nel xvi secolo all interno affreschi del xvi xvii secolo	train
romanica chiesa santa maria pantano sorge fondamenti romani nella area archeologica del vicus martis	train
isolata nei pressi villa san faustino frazione massa martana abbazia costruita sopra insediamento epoca romana come evince alcuni ruderi ancora presenti vicino all edificio religioso	train
nella piazza principale massa martana che conserva ancora caratteristiche del centro fortificato trova chiesa san felice dedicata patrono che leggenda vuole vescovo martire dellaantica civitas martana	train
museo trova nel centro storico polino allainterno della rocca	train
poggio otricoli situato altura sul livello del mare sotto monte pancrazio piccolo delizioso paese dellaumbria meridionale affacciato alla valle del tevere allaalta sabina	train
una chiesa parrocchiale costruita nel sostituzione della chiesa antonio padova attualmente scomparsa che trovava all interno delle mura castellane	train
chiesa dei santi filippo giacomo sorge piazza vittorio emanuele piazza principale monte castello vibio	train
porta marzia trova inserita come arco cieco nella muratura della rocca paolina maestosa opera architettonica cinquecentesca estesa sul vasto quartiere colle landone rilievo meridionale cui sorge perugia	train
area archeologica estende pianura fuori dalle mura medievali occidentali gubbio	train
chiesa san giovanni battista vallo nera edificata nel corso del xiii xiv secolo per quanto riguarda parte absidiale ampliata parzialmente ricostruita nel xvi secolo data incisa sull angolo sinistro della facciata	train
pieve santa maria chiesa parrocchiale pietralunga che innalza maestosa piazza fiorucci	train
storia caratteristiche della ceramica orvieto dai buccheri degli etruschi galletto orvietano	train
poco fuori della porta nord monteleone orvieto lungo umbro casentinese trova chiesa del crocefisso	train
chiesa san rocco trova fuori vallo nera lungo strada che conduce casali venne eretta nel sec	train
chiesa ubicata nelle vicinanze dell antica rocca tanto confendersi con essa facciata incompiuta laabside simili fortilizio scorgono lontano cosa come campanile che profila elevato sullo sfondo	train
situata sul fianco nord est dellaalta valle del tevere pietralunga occupa parte terminale crinale collinare ridosso dellaappennino umbro marchigiano	train
qui possiamo ammirare resti della porta accesso all antico maniero costruito epoca longobarda	train
abbazia trova lungo strada provinciale che pietralunga porta reggio collina lontana dai centri abitati	train
questo edificio anticamente chiamato palazzo dei priori molto probabilmente del xiii secolo nei secoli successivi subito vari rimaneggiamenti modifiche che hanno alterato linee originarie	train
chiesa santa maria assunta custodita all interno delle mura cittadine stata costruita nel presenta una facciata armonica custodita fra due campanili	train
centro storico giove classico esempio impianto medioevale una fitta serie vicoli intreccia all interno del perimetro delimitato dalle mura medievali caratterizzato dal sovrapporsi archi scale contrafforti	train
cappella san rocco sorge sulla via amerina che giove conduce amelia edificata intorno xvi secolo come offerta santo invocato contro pestilenza	train
rocca aries nei pressi montone origini molto antiche eretta dalla famiglia fortebracci sui resti antico fortilizio difesa della primitiva popolazione	train
stroncone borgo medievale sulla sommita ameno colle olivato breve distanza terni	train
torre trova centro orvieto lungo corso cittadino	train
teatro dei rustici sorge allainterno monteleone orvieto piccolo borgo storico situato allaestremo nord della provincia terni	train
sulla piazza pietro bilancini monteleone orvieto quasi come fondale palcoscenico eleva torre dellaorologio costruita alla fine del disegno dellaarchitetto monteleonese filidio lemmi con laterizi fabbricati nelle locali fornaci che danno alla costruzione tono caldo armonioso	train
situato sulla piazza del duomo orvieto sulla destra della cattedrale nella sua immediata prossimita palazzo soliano pia vasta imponente delle residenze pontificie orvietane	train
necropoli estesa lungo versante settentrionale della rupe tufacea cui sorge orvieto etrusca velzna	train
complesso conventuale santa giuliana trova nel rione porta eburnea nella parte terminale dei giardini piazza partigiani perugia	train
palazzo gallenga stuart trova perugia piazza fortebraccio vicino all imponente arco etrusco	train
raggiunge chiesa san filippo percorrendo una suggestiva via con portici del xvii secolo nella parte alta nocera umbra	train
quattrocentesca chiesa san francesco affaccia sulla piazza caprera nella parte alta dellaantico abitato nocera umbra sede della pinacoteca museo civico	train
the museo claudio faina and the museo civico archeologico are housed inside palazzo faina located piazza duomo orvieto	train
chiesa francesco risale alla seconda meta del xiii secolo	train
parti pia antiche della chiesa santa caterina vallo nera appartengono sec xiv principio del sec campanile vela parete fondo ingresso del monastero	train
situata nella caratteristica piazza san valentino chiesa origini altomedioevali quando era ancora una piccola pieve campagna intorno alla quale sorse nucleo abitato successivamente fortificato	train
incantevole piazza fortebraccio riprende nome dal capitano ventura andrea fortebracci detto appunto braccio montone che signore del castello partire dal xiii secolo	train
laoratorio giovanni decollato situato sinistra della porta ingresso dellaantico castello stroncone autentico gioiello daarte architettura	train
piccolo monumento pietra trova vicolo del tempietto angolo con centrale via umberto	train
tratta del luogo della conversione san francesco nel quale ascolta voce del crocefisso che gli diceva parole ripara mia casa dove santa chiara visse per anni mora	train
chiesa santa maria rivotorto sorge pochi chilometri santa maria degli angeli eretta forme dal rimando neo gotico dopo terremoto del sul posto edificio precedente costruito per proteggere tugurio francescano che custodito all interno della chiesa	train
poco distante dalla citta perugia localita ferro cavallo trova all interno della casa medievale dei cavalieri malta	train
necropoli oggi situata area archeologica attrezzata con percorsi visita antiquarium che accoglie alcuni reperti mostre tematiche sugli aspetti della vita quotidiana sociale degli etruschi	train
anfiteatro sorge nell area della antica citta carsulae presso san gemini vasto pianoro circa sul livello del mare fronte all antico teatro	train
contesto isolato nel contesto agricolodatazione xiii secoloattuale uso attivita ricettivaproprieta privata	train
ponte fonnaia costruito dai romani nel una poderosa costruzione viaria una sola arcata tutto sesto obliqua rispetto alla direttrice del ponte costruita grossi blocchi travertino perfettamente squadrati dotati bugnatura	train
contesto ruraledatazione xvii secolosituato sulle pendici colle che innalza sopra dellaalta valle del tevere palazzo magherini graziani gode una bellissima vista panoramica	train
perugia accoglie nei sotterranei del palazzo seicentesco bourbon sorbello pia monumentale tra opere ingegneria architettura idraulica etrusca splendido esempio della maestria costruttrice etrusca pozzo realizzato nella seconda meta del iii ubicato piedi del monte porta sole nel punto pia elevato della citta corrispondente antico all acropoli della citta	train
altitudine contesto montagna centro piccolocastel san felice localita del comune santaanatolia narco piccolo borgo fortificato situato sulla sponda destra del fiume nera attraversato antichi percorsi parte ancora praticabili che collegavano diversi castelli esistenti nella valle con principale centro spoleto	train
complesso con ingresso via della cava snoda sotto quartiere pia antico orvieto	train
porta romana pia centrale maestosa delle quattro porte che permettono accesso centro storico anche pia moderna delle quattro aspetto attuale risale infatti sec xvi quando modificata costruita travertino	train
cisterne sono situate sotto attuale piazza matteotti corrispondente alla piazza pubblica eta romana forum all estremita settentrionale dell abitato amelia	train
citta amelia difesa nord uno sperone roccioso quasi per intero inanellata possenti antichissime mura poligonali secolo	train
sepolcro situato localita molinella presso castel rubello nel comune porano scavato nel tufo una piccola collina boscosa lambita alla base dal torrente montacchione	train
edificio curiosamente tagliato due dalla galleria omonima pianta rattangolare articola tre piani	train
cima una collina quasi dirimpetto guardea vecchia situato castello del poggiorimasto inalterato per pia mille anni	train
trova confine del territorio perugino con quello toscano nel comune lisciano niccone una collina circa dalla statale della valle del niccone costruito prima dell anno appartenne nel marchesi del monte	train
origini molto antiche costruito infatti sulla cima della collina che sovrasta paese est intorno secolo nel per opera dei marchesi del monte che possedevano pose sotto protezione perugia cui segua sorti	train
sito esteso localita scoppieto nel comune baschi occupa pianoro dominante valle del tevere una zona ricca giacimenti argilla acqua terre fertili	train
edificio vicino alla chiesa santa maria con assetto ottocentesco prospetto cinquecentesco all interno tracce affreschi del xvi sec	train
centro orvieto vicino giardini che comprendono resti etruschi trova pozzo san patrizio seconda attrazione cittadina dopo duomo	train
valfabbrica tra escursioni naturalistiche palio arte cultura sentiero francescano della pace via francesco	train
terni citta san valentino della cascata delle marmore offre inaspettate testimonianze ogni epoca	train
ferentillo viaggio tra arte cultura sport avventura	train
gubbio vivi festa dei ceri non perderti albero natale pia alto del mondo gusta tipica crescia	train
trevi piccolo borgo medievale arroccato colle olivato nella parte centro orientale dell umbria tra foligno spoleto	train
arrone borgo immerso nell ambiente naturale incontaminato della valnerina del parco fluviale del nera	train
basilica san salvatore interessantissimo edificio paleocristiano eretto tra fine del secolo inizio del	train
tuffo nell amore cortese	train
chiesa santa maria risale circa agli inizi del trecento chiesa passa minori conventuali fianco venne costruito convento cui notizia fin dal	train
gioiello monteleone biga etruscaa antico carro parata legno noce completamente rivestito lamine bronzo dorato decorate sbalzo con applicazione placche avorio	train
castello pissignano pianta triangolare deve nome temine latino pissinianum cioa luogo della piscina che era posta nei pressi del tempietto sul clitunno accanto alle famose fonti del clitunno	train
luogo isolato posto sul monte citerone gia tempi francesco esisteva romitorio costituito alcune grotte naturali	train
duomo todi intitolato maria annunziata iniziato nel xii secolo continuato nel xiii completato solo nel xiv secolo	train
museo archeologico nazionale spoleto conserva reperti testimonianze della ricca storia della citta del territorio con particolare riguardo alla valnerina che con spoleto ebbe ebbe rapporto culturale strettissimo	train
raccolta ospitata nell collegio boccarini origine convento francescano del xiii xiv secolo dotato chiostro doppio loggiato realizzato nel xvi secolo	train
edificio religioso pia importante amelia eretto sul sacrum verticem della citta nell anno nel vasto incendio distrusse cattedrale che venne ricostruita forme barocche	train
sito nella suggestiva piazza marconi notevole esempio edificio nobiliare costruito nel stile rinascimentale edificio rimasto incompleto fatto costruire fantino petrigani quale conquista posizione nella curia papale sotto protezione papa gregorio xiii	train
edificio mostra diverse fasi costruttive infatti iniziato nel xiv secolo accorpando tre edifici ultimato nel secolo successivo	train
presepe trova piazza san valentino vicino alla chiesa parrocchiale suo ingresso stato realizzato magnifico portone sulle cui ante sono visibili magi nativita	train
santuario santa rita trova nella parte pia alta del nucleo abitativo cascia inserisce nel contesto urbano rompendo ogni modulo dimensionale stilistico	train
porta sant angelo risale xiii secolo sopra volta ingresso trovano due fenditure che ospitavano allora meccanismi manovra del ponte levatoio sostituito poi ponte muratura	train
bella chiesa santa maria vecchia trova subito fuori mura ficulle laantica parrocchiale fino alla fine del cinquecento	train
laoratorio san giuseppe leonessa eretto otricoli nel elemento qualificante dellaarchitettura settecentesca del centro storico otricoli	train
attuale sede del comune palazzo dei priori pretorio del podesta occupa lato orientale piazza della signoria trovandosi fronte conosciuto palazzo dei consoli	train
nel stando alle cronache frate bartolomeo amelia fonda chiesa san francesco dedicata inizialmente santi filippo giacomo lavori furono condotti maestranza umbre come menucci amelia giovanni nicola castel dell aquila tra	train
unica navata ampia luminosa con due nicchioni due cappelle soffitto altissimo travatura capriata dedicata alla patrona santa marina monaca	train
eremo della madonna della stella trova valle del noce presso roccatamburo meta strada tra poggiodomo cerreto	train
tra pia alti esempi scultura duecentesca opera nicola pisano del figlio giovanni	train
nel museo san francesco per scoprire importanti opere arte segreti della civilta dell ulivo	train
chiesa san paolo delle abbadesse trova fuori del nucleo abitato bastia umbra oggi annessa cimitero comunale costruito nel situata nei pressi della confluenza del torrente tescio con fiume chiascio	train
una visita alla chiesa gotica per ricordare passaggio san francesco piediluco	train
laodierno santuario della madonna dei rimedi era laantica pieve extraurbana situata circa sud del centro storico pietralunga	train
situato nellaomonima piazza margini del centro storico assisi laabbazia san pietro una tappa non perdere durante una visita questaarea del territorio umbro sua origine benedettina particolare facciata bellezza dell interno sua atmosfera spirituale fanno tesoro assoluto	train
presso umbertide posizione panoramica sulla valle dell assino colloca castello civitella ranieri che prende nome dalla cittadella che umberto figlio raniero fratello del duca guglielmo monferrato fece costruire quel luogo nel	train
esempio architettura civile medievale palazzo del capitano oggi sede del museo civico pinacoteca todi	train
edificata all inizio del secolo chiesa presenta una facciata pietra molto semplice che rivela origini romaniche	train
caratterizzata due archi porta amerina conosciuta anche come torre del belvedere	train
chiesa santa croce trova umbertide piazza san francesco fianco delle chiese san francesco san bernardino sullaarea cui sorge esisteva gia nel xiii secolo una piccola chiesa dedicata santi pietro paolo che doveva fungere oratorio per confraternita dei disciplinati santa maria	train
nei pressi del borgo pascelupo trova splendido eremo dedicato san girolamo appartenente alla congregazione degli eremiti camaldolesi monte corona	train
chiesa san bevignate trova alle porte perugia via pozzo fronte cimitero monumentale	train
tra feudi proprieta che nobile famiglia cesi acquisisce nei centri cui risiede nel lazio umbria spicca residenza acquasparta sicuramente pia illustre importante	train
rocca albornoziana erge imponente narni sulle gole del nera circondata una rigogliosa vegetazione	train
museo della citta del territorio colloca nel centro storico narni alle spalle del palazzo comunale	train
cattedrale san lorenzo trova nel centro storico perugia piazza novembre cui definisce lato settentrionale	train
cannara area limitrofa assisi storicamente vocata alla coltivazione delle cipolle luogo dove ancora oggi resistono usi costumi strettamente legati questo particolare prodotto	train
nel centro storico spoleto laantico monumento origine duecentesca domina citta con sua austera primitiva bellezza	train
chiesa san michele arcangelo trova lungo attuale corso vittorio emanuele iii antico decumanus vicus del castrum centro collazzone	train
collegiata santa maria trova cascia entro perimetro murato accanto alla porta leonina	train
abbazia benedettina san lorenzo sorge altura chiamata san giovanni poca distanza dal paese omonimo	train
chiesa parrocchiale san lorenzo trova centro collazzone davanti alla piazza principale intitolata umberto recentemente pavimentata cotto	train
chiesa santa maria sopra minerva rende contribuire ancora pia suggestivo splendido scenario piazza del comune all interno del centro storico assisi adibita culto nel per volere papa paolo iii stata realizzata all interno antico tempio romano	train
viaggio nell abbazia benedettina san pietro valle scrigno arte storia	train
palazzo vitelli alla cannoniera uno dei palazzi che famiglia vitelli fece costruire citta castello	train
palazzo dei priori del comune solenne elegante architettura uno dei palazzi pubblici pia importanti umbria	train
abbazia san pietro bovara tra trevi pissignano amata san francesco per raccogliersi preghiera	train
chiesa san francesco trova piazza san francesco umbertide vicino alla chiesa san bernardino facciata conci ornata portale arco trilobo epoca trecentesca sopra ampio oculo	train
trevi piccolo borgo medievale famoso tutta italia per sua antichissima tradizione olearia	train
chiesa sant agostino pia antica gualdo cattaneo	train
chiesa romanica andrea una delle pia antiche gualdo cattaneo pagava decime gia dal duecento	train
nei forni legna questo piccolo borgo medievale nel comune gualdo cattaneo non cuoce solo porchetta nello stesso momento prepara altro piatto tipico secondo una ricetta tramandata generazione generazione	train
sul nucleo urbano medievale della cittadina gualdo tadino erge antica rocca flea che dalla cima del colle domina intero abitato chiamata anche flebea per vicinanza del fiume flebeo uno degli esempi pia significativi architettura militare difensiva umbra	train
rocca sicuramente monumento pia importante gualdo cattaneo	train
santaanatolia narco molto pia museo luogo incontro scambio pratiche trasmissione competenze legate ciclo della lavorazione della canapa con unaattenzione alla sostenibilita design	train
una delle oasi pia grandi del wwf luogo dalla bellezza romantica simbolo qualita ambientale biodiversita	train
nel centro foligno palazzo orfini ospita museo della stampa dove nel stampata prima copia della divina commedia	train
foligno nelle sale palazzo candiotti esposizione multimediale per far vivere laesperienza una sfida antica una gara avvincente tra spettacolo competizione	train
vitigno autoctono che ottenuto riconoscimento vernaccia cannara doc	train
prima testimonianza della chiesa san biagio risale documento del cui monaci san benedetto del subasio includono tra loro possedimenti	train
piani castelluccio sono altopiano carsico alluvionale dell appennino umbro marchigiano	train
chiesa edificata partire dal venne insignita del titolo cattedrale nel nel ricostruita disegno giovanni gubbio papa innocenzo consacra nel facciata vero proprio capolavoro scultura romanica divisa orizzontalmente tre zone	train
museo sede nell convento san domenico situato lungo corso cavour poco fuori mura etrusche perugia	train
mille ettari zona umida nel parco regionale del lago trasimeno lungo rotte migratorie dal nord europa allaafrica sud sahariana	train
dolcemente adagiata sulle pendici del monte subasio patrimonio mondiale dell umanita assisi accoglie secoli fedeli provenienti tutto mondo	train
citta assisi stata dichiarata patrimonio dell umanita nel	train
laarte contemporanea trevi suo acentroa nel prestigioso edificio quattrocentesco nel cuore del borgo quando storia avanguardia fondono	train
uno dei santuari rinascimentali tra pia importanti dell umbria	train
santuario cosa chiamato dall altura cui sorge colle del bagno venne edificato nel sul luogo miracoloso avvenimento poco distante dal centro deruta	train
ornamenti liberi fantastici come mascheroni putti alati canefore creature marine antologie faunistiche immaginarie trofei daarmi compongono variegata ricercata decorazione della maiolica deruta	train
chiesa san francesco principale luogo culto cattolico deruta sua consacrazione risale dopo essere stata ricostruita seguito violento terremoto	train
vicolo baciadonne vicolo degli innamorati uno dei pia stretti italia	train
una piscina naturale interamente scavata nella roccia dalle acque perennemente limpide	train
collegiata santa maria assunta risale nello stile nell aspetto attuale alla seconda meta del	train
una fortezza razza guardia del territorio umbro confine con lazio chilometri castel giorgio	train
per conoscere fondo laanima perugia consigliamo visitare chiesa dedicata santo tradizionalmente riconosciuto come primo vescovo della citta suo patrono insieme santi compatroni lorenzo ercolano meno ricordato ludovico tolosa perugini celebrano con grande devozione gennaio	train
beverly pepper park todi rappresenta ila primo parco monotematico scultura contemporanea umbriaa primo dellaartista americanaa nel mondo	train
cattedrale san feliciano patrono foligno importante esempio romanico umbro con interno neoclassico	train
terra frontiera	train
teatro trova nel comune gubbio nell area archeologica della guastuglia	train
necropoli etrusca detta dello sperandio raggiunge facilmente partendo dall arco augusto attraverso corso garibaldi via dello sperandio fino arrivare alla proprieta della villa dello sperandio attorno alla quale trovano sparsi resti della necropoli	train
tempo faro segnalazione uno dei campanili pia antichi tutta laumbria	train
testimonianze antiche fin dal secolo	train
antico castello medievale tra assedi miracoli religiosi opere arte contemporanea	train
castello delle forme fonti san costanzo	train
olmeto pieve caina mercatello tripoli percorso alla riscoperta della spiritualita	train
percorso storico culturale	train
museo ubicato all interno dell consorzio tabacchicoltori nei pressi dello scalo ferroviario san giustino	train
rasiglia borgo montano del comune foligno celebre per sue suggestive sorgenti	train
deruta citta ricca eventi culturali	train
antico romitorio luogo pace spiritualita	train
fornaci tra mura della citta	train
madonna del fanciullo capolavoro bartolomeo caporali	train
incantevole borgo medievale due passi deruta	train
vero scrigno arte fede nel cuore deruta	train
incantevole borgo medievale immerso nella natura	train
progetto scultori brufa strada del vino dell arte nato nel con obiettivo portare avanti esperienza artistica originale moderna costituzione vero proprio museo plein air	train
dedicato alla storia cannara del suo territorio	train
prodotto sotto denominazione todi doc che comprende comuni collazzone massa martana monte castello vibio todi	train
campo del sole tuoro sul trasimeno originale museo all aperto unico nel suo genere che sorge punta navaccia zona grande interesse naturalistico	train
sant apollinare una finestra sulla valle del nestore	train
collelungo alla scoperta storia arte fede	train
aaaaaaacastello spina tuffo nel medioevo	train
festa san giovanni folclore cultura buona cucina	train
sorgente del fiume clitunno crea laghetto dalle acque limpidissime con riflessi smeraldo giardino acqua fonte ispirazione poeti properzio plinio virgilio byron carducci	train
qui che coltivano sangiovese canaiolo trebbiano che danno vita due rossi assoluto livello rosso torgiano doc rosso riserva docg	train
castello campello costruito nel secolo dal barone borgogna rovero champeaux insediamento fortificato posto sulla sommita colle posizione dominante sulla valle spoletina	train
fontana memoria dei caduti ivan theimer trova piazza don minzoni foligno tratta opera arte contemporanea che folignati hanno ribattezzo fontana delle tartarughe causa delle testuggini bronzo che trovano intorno alla fonte	train
palazzo trinci trova sul lato nord piazza della repubblica antica platea magna cuore pulsante della citta foligno	train
fra pia antiche chiese stroncone con certezza che nel consoli stronconesi fecero dono allaabbazia benedetto fundis	train
poco distante dal borgo giano dell umbria posizione isolata dominante sorge chiesa san felice storico iacobilli data istituzione del complesso mentre realizzazione della chiesa con monastero annesso risale agli inizi del xii secolo chiesa venne edificata sopra oratorio del secolo che ospitava sepolcro del vescovo martire felice	train
castello pendio sec xii immerso nel paesaggio olivi tra spoleto campello fonti del clitunno tappa sulla via francesco	train
prima foresta interattiva italia alberi parlanti che raccontano bosco con clima che cambia	train
nel cuore dell isola polvese fondamentale punto riferimento per conoscenza del primo romanico umbro	train
luogo cui tempo fermato cui possono godere meravigliosi tramonti	train
alla scoperta gioiello particolarmente prezioso custodito nellaantico centro monte castello vibio poca distanza todi	train
progetto per tenere vivo ricordo saperi pratiche modi vivere del mondo contadino	train
piccolo canyon vicino piegaro	train
lungo via romea germanica area ricca reperti archeologici	train
uno degli scorci pia suggestivi dell antico borgo medievale passignano	train
basilica paleocristiana san salvatore maggior monumento spoletino dell antichita	train
duomo spoleto dedicato santa maria assunta sorge sul fondo della scenografica piazza sulla quale affacciano anche cinquecentesco palazzo rancani poi arroni palazzo della signoria chiesetta ottagona santa maria della manna piccolo teatro caio melisso	train
grande cultura gastronomica vero protagonista della denominazione origine trebbiano spoletino vitigno recentemente riscoperto valorizzato	train
santuario eretto con autorizzazione ecclesiastica del vescovo spoleto francesco eroli datata bevagna	train
senso dellaarte per spoleto incline per natura alla grazia alla bellezza ogni tempo esplode palazzo collicola arti visive	train
dal luglio sono stati inaugurati locali del museo paleontologico pietrafitta che ospitano resti fossili rinvenuti nel bacino che circonda laalta valle del fiume nestore	train
eccezionale tesoro archeologico nel cuore dellaumbria	train
castello poggio sec gia sede del visconte della valle del topino residenza municipale fino	train
palazzo baglioni trova piazza della repubblica nel centro storico spello tra palazzo comunale chiesa santaandrea	train
chiesa convento san girolamo trovano poco fuori mura spello lungo strada che conduce collepino	train
passeggiando lungo centrale via cavour spello poco dopo chiesa santa maria maggiore incontra chiesa dedicata sant andrea	train
zona ricca sentieri mezzo bosco per mtb trail running trekking passeggiate	train
presso palazzo malizia torgiano ospita due collezioni permanenti altre estemporanee	train
storica casa agricolo gentilizia nel borgo storico torgiano	train
antico mulino con macine pietra situato sulle sponde del fiume chiascio nei pressi torgiano	train
storico birrificio fondato perugia nel con sede togiano	train
collocata all interno del centro storico torgiano stata edificata alla fine del xiii secolo	train
percorso suggestivo snoda lungo fiume tevere fino alla confluenza con chiascio nei pressi torgiano	train
all interno esposta unainteressante tavola nicola liberatore	train
tratta una chiesa unica navata con cinque altari arricchita pregevoli opere daarte	train
tratta una grande camera sepolcrale scoperta nei pressi del borgo bettona	train
questo luogo dimorava francesco durante sue visite cannara	train
sue origini risalgono agli albori del cristianesimo secondo tradizione sorge sulla casa della prima miracolata san crispolto	train
torre trova tra colle passaggio bettona risale xiii secolo	train
convento stato eretto nel dai frati francescani nei pressi bettona sopra resti fortilizio utilizzato come ospedale per poveri	train
eretta dai monaci benedettini agli inizi del xiii sec bettona per conservare corpo del santo patrono	train
avenerabile confraternita santaandrea apostoloa ancora sede questo sacro edificio bettona	train
chiesa san francesco bettona edificio risalente xii sec	train
luogo ideale per voi che amate conquistare angoli insoliti circa foligno fuori dei circuiti pia battuti spettacolo del fiume che compie balzi olimpionici entrera nel cuore	train
chiesa san michele arcangelo una delle pia antiche perugia	train
teatro romano sec eloquente testimonianza della spoleto romana stato riportato alla luce tra	train
teodelapio trova fuori dal centro storico fronte stazione ferroviaria spoleto	train
una meta cittadina ridosso delle mura perugia che pua regalarvi momenti relax attivita fisica cultura plein air	train
splendidissima colonia julia epoca romana spello conquistera con vie medievali infiorata gli affreschi pintoricchio	train
chiesa principale nocera chiesa madre della diocesi nocera gualdo fino	train
palazzo della penna gia dei vibi situato perugia tra viale indipendenza tre archi suo ingresso via podiani una traversa corso cavour	train
palazzo della corgna sorge piazza gramsci nel centro storico castiglion del lago collegato tramite camminamento coperto alla bellissima fortezza medievale che domina lago trasimeno	train
protettore degli innamorati festeggiato febbraio stato vescovo terni	train
piazza grande gubbio terrazza pensile affacciata sul panorama umbro tra pia suggestive ardite realizzazioni urbanistiche medievali	train
borgo medievale panicale tra capolavori del perugino arte ricamare tulle	train
santuario della madonna delle lacrime una passeggiata tra gli oliveti per ammirare gli affreschi del perugino dello spagna	train
visita parco del monte subasio scopri luoghi delle memorie francescane	train
chiesa san claudio trova fuori dal contesto urbano lungo via centrale umbra che spello conduce villa fidelia	train
raggiungendo piazza duomo rimarrai senza fiato per ricchezza della sua facciata slancio delle guglie oro dello sfondo dei mosaici rosone portali bronzei non caso maggiore attrattiva orvieto straordinaria sintesi tra architettura scultura arti decorative pittura considerata gioiello dello stile romanico gotico	train
antica abbazia dei santi fidenzio terenzio risale secolo quando nel vicino monastero era stabilita una comunita monaci benedettini che resse complesso fino alla conclusione del xiv secolo	train
patrimonio dell umanita basilica san francesco assisi custodisce tomba del santo capolavori giotto cimabue	train
eremo dedicato alla cura dei dolori reumatici	train
rocca spoleto museo arte storia	train
chiesa santa maria maggiore custodisce una cappella interamente affrescata pintoricchio commissione troilo baglioni tra fine dellaestate del primavera del	train
nel cuore della valnerina allainterno del parco fluviale del fiume nera cripta della chiesa santo stefano centro ferentillo custodisce prezioso quanto insolito tesoro	train
splendido borgo lungo antica via della spina	train
parco comprende rovine del municipio romano carsulae sorto lati della via flaminia presso san gemini localita nota sin dall antichita per sue fonti acque minerali	train
abbazia san salvatore montecoarona fra pia importanti abbazie benedettine umbre trova poco distante dalla citta umbertide contesto isolato	train
oratorio santa maria dei bianchi citta della pieve custodisce uno dei maggiori capolavori del perugino	train
museo dell olivo dell olio moo ospitato all interno del borgo torgiano rinomato centro produzione vitivinicola fra perugia assisi	train
museo del vino muvit ospitato all interno palazzo graziani baglioni lungo corso principale torgiano rinomato centro produzione vitivinicola fra perugia assisi	train
uno dei luoghi pia significativi dellaesperienza francescana sulle pendici del monte subasio	train
passando foligno merita sicuramente una visita splendido oratorio della nunziatella edificato tra attribuito senza riscontri certi francesco bartolomeo pietrasanta	train
maestoso ponte delle torri uno dei simboli spoleto collega colle sant elia monteluco	train
chiesa dei santi gervasio protasio duomo citta della pieve posizionata nellaarea occupata piazza gramsci plebiscito piazze pia centrali della citta	train
istituito nel gruppo notabili locali museo nella sua tipologia pia antico italia dal ospitato nel trecentesco convento san francesco interamente restaurato	train
pinacoteca comunale allestita dal allainterno palazzo dei consoli edificio trecentesco presenta forme gotiche nella parte inferiore mentre fascia soprastante frutto rifacimento settecentesco	train
castello giove cosa come conosciamo oggi risultato dell opera restauro iniziata dalla famiglia farnese nel xvi secolo continuata dai duchi ciriaco asdrubale mattei quella che era una fortificazione medievale scopo difensivo	train
tra opere dellaa pinacotecaa bettona segnalano due dipinti attributi pietro vannucci detto ail peruginoa ila sant antonio padova laa madonna della misericordia con santi stefano girolamo committenti oltre queste segnala gonfalone santaanna	train
chiesa san sebastiano edificata certamente fra xiv secolo venne modificata nella forma attuale nel	train
antiquarium organizzato tre sezioni paleontologica preistorica protostorica archeologica	train
abbazia san pietro inglobata nell ampliamento quattrocentesco delle mura trova fronte giardini del frontone perugia	train
collezione include due distinte sezioni una archeologica una pittorica	train
compignano paese fornaciai	train
affreschi meo siena piccolo scrigno arte	train
chiesa tempio santa maria trova subito fuori mura duecentesche del centro abitato	train
chiesa monumentale san domenico citta castello iniziata nel xiv secolo terminata nel	train
gola del forello una valle umbra situata tra todi orvieto formata dal fiume tevere che attraversa dorsale monte peglia monti amerini	train
contesto montagnadatazione secololaantica abbazia situata nel parco naturale del monte cucco una valle tra fosso artino pendici del monte catria lungo percorso che unisce scheggia isola fossara	train
ampia collezione famiglia illustra gli originali repliche eseguite dagli artisti che frequentarono fabbrica	train
percorso dell acquedotto monte pacciano circa dal centro storico fino alla fontana maggiore nel centro storico perugia	train
piazza del popolo todi tra pia belle piazze medievali italia	train
abbazia sassovivo trova pochi chilometri foligno direzione camerino imponente alla vista arroccata alle pendici del monte aguzzo sua mole pietre calcaree staglia sul cupo bosco lecci che ricopre pendici dei monti circostanti una delle pia antiche testimonianze della presenza benedettina nella valle spoletina	train
luogo dove san francesco predica agli uccelli	train
nella piccola frazione fontignano trova chiesa santa maria dell annunziata ultimo luogo lavoro pietro vannucci custode della tomba del divin pittore	train
allainterno della splendida chiesa santa maria maggiorea spellosono presenti due opere pietro vannucci detto ail peruginoa	train
caa una perla rara bellezza montefalco che insieme vino sagrantino rende unico questo borgo chiesa san francesco costruita tra dai frati minori trasformata museo nel con gli ambienti dellaannesso convento	train
tutta bellezza della pittura umbra del rinascimento uno scrigno opere daarte cui fra tutte spicca firma del apadrone casaa benozzo gozzoli fortemente legato questo territorio	train
magico parco museo dellaartista brajo fuso	train
una casa vacanze trasformata coloratissimo gioiello daarte contemporaneo nel borgo medievale todi	train
costruito tra entro laala nuova palazzo dei priori sede della corporazione dei cambiatori moneta	train
chiesa dei santi pietro paolo gia sede della societa dei disciplinati san salvatore una delle tre parrocchie della citta	train
splendido castello pupaggi nel comune sellano luogo incantato rimasto indietro nel tempo	train
paradiso dellaarcadia perugina	train
uno scrigno della memoria cittadina	train
chiesa gotica santa maria dei servi trova subito fuori cinta medioevale citta della pieve vicino porta romana	train
una fabbrica chimica che diventa una fabbrica cultura	train
fondata nellaxi xii chiesa maria maggiore eretta probabilmente sui resti tempio pagano dedicato giunone vesta chiesa poi intitolata alla nativita quindi alla madonna nel apparteneva all abbazia camaldolese silvestro collepino	train
una scoperta nei segreti della pittura vetro tramandati cinque generazioni	train
cappella sorge adiacente alla piccola chiesa san severo nel rione porta sole nel centro storico della citta perugia	train
uno scrigno daarte nel cuore del centro storico perugia	train
unaopera arte ziggurart uno dei numerosi artisti internazionali che hanno scelto vivere ina umbriaa	train
uno spazio espositivo punto arrivo della crescente ricerca artistica contemporanea della citta foligno	train
descrizione mancante	train
antico castello immerso bosco millenario	train
descrizione mancante	train
