qui possiamo ammirare resti porta accesso antico maniero costruito epoca longobarda	train
posizione dominante valle risacco val rasina rispettivamente affluente chiascio torrente proveniente gualdo tadino casacastalda abitato originato castello fondato secolo longobardo discendente totila ernero castaldo nome casa castaldo	train
collegiata santa maria assunta risale stile aspetto attuale seconda meta	train
unica navata ampia luminosa due nicchioni due cappelle soffitto altissimo travatura capriata dedicata patrona santa marina monaca	train
contesto urbano datazione secolo chiesa san francesco trova san gemini piazza san francesco ubicata ridosso castello altomedievale allainterno cerchia muraria tardoduecentesca	train
antico romitorio luogo pace spiritualita	train
basilica san benedetto prospiciente piazza omonima fulcro centro storico citta norcia	train
laodierno santuario madonna rimedi laantica pieve extraurbana situata circa sud centro storico pietralunga	train
collegiata santa maria trova cascia entro perimetro murato accanto porta leonina	train
chiesa santa maria maggiore custodisce cappella interamente affrescata pintoricchio commissione troilo baglioni fine dellaestate primavera	train
costruito fortificazione colle orvietano perugino conteso capitani ventura oggi castello montegiove elegante residenza aperta pubblico visitabile anno	train
presepe trova piazza san valentino vicino chiesa parrocchiale ingresso stato realizzato magnifico portone ante visibili magi nativita	train
collocato propaggini sud orientali dellaumbria ramo sconfina lazio lago piediluco rappresenta pia grande bacino lacustre naturale dellaumbria dopo trasimeno	train
basilica paleocristiana san salvatore maggior monumento spoletino antichita	train
antico mulino macine pietra situato sponde fiume chiascio pressi torgiano	train
borgo medievale panicale capolavori perugino arte ricamare tulle	train
castello attigliano sorge posizione pittoresca panoramica margine terrazza dominante valle tevere toponimo secondo tradizione popolare deriverebbe numerosi tigli crescevano vicinanze latino tiliam	train
costruita antico oratorio benedettino chiesa san bernardino trova poco lontano centro abitato montefranco	train
incantevole borgo medievale due passi deruta	train
chiesa parte abbazia benedettina santa maria vado fabrice alcuni studiosi indicano luogo francesco trova ospitalita dopo aver abbandonato citta durante tragitto gubbio	train
piccolo monumento pietra trova vicolo tempietto angolo centrale via umberto	train
oratorio san bernardino rappresenta massimo esempio arte rinascimentale perugia	train
area archeologica estende pianura fuori mura medievali occidentali gubbio	train
chiesa santa maria assunta esempio edificio sacro romanico impianto architettonico poco comune regione navata unica absidata transetto sporgente tiburio cupola incrocio bracci nucleo principale annessa navatella addossata parete destra	train
santuari rinascimentali pia importanti umbria	train
antica abbazia santi fidenzio terenzio risale secolo quando vicino monastero stabilita comunita monaci benedettini resse complesso fino conclusione xiv secolo	train
prima testimonianza chiesa san biagio risale documento monaci san benedetto subasio includono possedimenti	train
chiesa maria simbolo fulcro comunita terra lugnano	train
centro orvieto vicino giardini comprendono resti etruschi trova pozzo san patrizio seconda attrazione cittadina dopo duomo	train
ferentillo viaggio arte cultura sport avventura	train
porta romana pia centrale maestosa quattro porte permettono accesso centro storico pia moderna quattro aspetto attuale risale infatti sec xvi quando modificata costruita travertino	train
santuario san francesco eremo francescano trova monteluco metri altitudine pressi antico bosco sacro alcune grotte naturali frequentate eremiti gia eta paleocristiana	train
deruta citta ricca eventi culturali	train
tratta grande camera sepolcrale scoperta pressi borgo bettona	train
chiesa san nicola sorge allainterno montecastrilli chiesa parrocchiale paese	train
grande cultura gastronomica vero protagonista denominazione origine trebbiano spoletino vitigno recentemente riscoperto valorizzato	train
complesso conventuale santa giuliana trova rione porta eburnea parte terminale giardini piazza partigiani perugia	train
villa costruita territorio comune allerona ricchissimo finanziere anversa edouard cahen	train
chiesa san francesco conosciuta madonna croce trova uscita paese sellano	train
necropoli oggi situata area archeologica attrezzata percorsi visita antiquarium accoglie alcuni reperti mostre tematiche aspetti vita quotidiana sociale etruschi	train
pinacoteca comunale allestita allainterno palazzo consoli edificio trecentesco presenta forme gotiche parte inferiore mentre fascia soprastante frutto rifacimento settecentesco	train
piediluco borgo medievale omonimo lago breve distanza terni cascata marmore	train
santuario madonna lacrime passeggiata oliveti ammirare affreschi perugino spagna	train
chiesa santa maria rivotorto sorge pochi chilometri santa maria angeli eretta forme rimando neo gotico dopo terremoto posto edificio precedente costruito proteggere tugurio francescano custodito interno chiesa	train
teatro romano sec eloquente testimonianza spoleto romana stato riportato luce	train
raggiunge chiesa san filippo percorrendo suggestiva via portici xvii secolo parte alta nocera umbra	train
attuale sede comune palazzo priori pretorio podesta occupa lato orientale piazza signoria trovandosi fronte conosciuto palazzo consoli	train
pochi chilometri sud guardea poco distanti statale amerina circondati querce grandi massi ergono resti chiesa convento illuminata	train
castello epoca tardo medievale xiv secolo presenta pia tracce fortificazione	train
pia alti esempi scultura duecentesca opera nicola pisano figlio giovanni	train
torre trova colle passaggio bettona risale secolo	train
piccola frazione fontignano trova chiesa santa maria annunziata ultimo luogo lavoro pietro vannucci custode tomba divin pittore	train
parco valcasana trova valnerina porte scheggino	train
chiesa santa maria risale circa inizi trecento chiesa passa minori conventuali fianco venne costruito convento notizia fin	train
chiesa ubicata vicinanze antica rocca tanto confendersi essa facciata incompiuta laabside simili fortilizio scorgono lontano cosa campanile profila elevato sfondo	train
santuario amore misericordioso trova collevalenza pochi chilometri todi	train
interno chiesa antica sede confraternita antonio catino absidale collocato presepe monumentale terracotta policroma composto pia trenta statue realizzato fratelli abruzzesi giacomo raffaele montereale	train
castello campello costruito secolo barone borgogna rovero champeaux insediamento fortificato posto sommita colle posizione dominante valle spoletina	train
necropoli etrusca detta sperandio raggiunge facilmente partendo arco augusto attraverso corso garibaldi via sperandio fino arrivare proprieta villa sperandio attorno trovano sparsi resti necropoli	train
raro esempio architettura castellana medioevale risolve unica soluzione problemi viabilita difesa lungo perimetro interno cinta muraria ponente apre portam castri sotto torre merlata tuttora ingresso principale castello	train
luglio stati inaugurati locali museo paleontologico pietrafitta ospitano resti fossili rinvenuti bacino circonda laalta valle fiume nestore	train
collegiata san michele arcangelo chiesa parrocchiale panicale	train
abbazia benedettina san lorenzo sorge altura chiamata san giovanni poca distanza paese omonimo	train
contesto isolato contesto agricolodatazione secoloattuale uso attivita ricettivaproprieta privata	train
centro vita primo nucleo castello monteleone orvieto davanti lato portico testimonianza resta ancora leggibile muro lato nord accanto sorgeva cimitero	train
pieve san gregorio trova lungo strada unisce castel ritaldi colle marchese facciata restaurata dopo terremoto costituita alternanza strati orizzontali pietra bianca rossa apre portale rincassi	train
prima chiesa dedicata cascia santo assisi fondata ventuno anni dopo morte	train
pavimento mosaico tessere bianche nere risalente secolo pia integro raffinato segno lasciato bevagna antichi romani chiamarono citta mevania	train
chiesa convento sant agostino sorge sommita colle coperto olivi poco sud colle corciano	train
edificata inizio secolo chiesa presenta facciata pietra molto semplice rivela origini romaniche	train
chiesa costruita ringraziamento miracolosa guarigione duchessa eleonora mendoza corgna	train
scoperta mondo fatto storia natura incontaminata panorami mozzafiato piccoli borghi	train
perugia accoglie sotterranei palazzo seicentesco bourbon sorbello pia monumentale opere ingegneria architettura idraulica etrusca splendido esempio maestria costruttrice etrusca pozzo realizzato seconda meta ubicato piedi monte porta sole punto pia elevato citta corrispondente antico acropoli citta	train
centro citerna poco dopo palazzetto prosperi vitelli piccolo arco immette percorso suggestivo camminamento medievale corre lungo perimetro mura aperture arco perfettamente conservate dando vita serie loggiati offrono spettacolo veramente suggestivo	train
santuario venera antichissima immagine madonna trova circa cinque chilometri citta castello lungo apecchiese valicando appennino giunge fino mare adriatico	train
rocca albornoziana erge imponente narni gole nera circondata rigogliosa vegetazione	train
citta amelia difesa nord sperone roccioso quasi intero inanellata possenti antichissime mura poligonali secolo	train
sepolcro situato localita molinella presso castel rubello comune porano scavato tufo piccola collina boscosa lambita base torrente montacchione	train
castello pendio sec xii immerso paesaggio olivi spoleto campello fonti clitunno tappa via francesco	train
storica casa agricolo gentilizia borgo storico torgiano	train
complesso monumentale francesco monteleone spoleto forse laopera pia significativa suggestiva complessita storia sviluppo arte fede libro storie santi simbologie leggere cura	train
eggi borgo fortificato due passi via flaminia spoleto potrai scoprire preziosi capolavori arte	train
costruito prima meta iadeg secolo rimasto solo qualche muro cavea sfruttata ricavarvi alcune abitazioni medievali conserva forma tipica ellittica originaria	train
eremo madonna stella trova valle noce presso roccatamburo meta strada poggiodomo cerreto	train
complesso abbaziale trova pressi narni pendici scoscese monte santa croce	train
sorge circa sud foligno direzione sant eraclio area vasta necropoli pertinente citta romana fulginia	train
museo ricamo tessile trova valtopina piano terra palazzo comunale residenza signorile primi anni secolo	train
parrano immerso collina umbra apprezzata meta turistica presenza numerose sorgenti acqua utilizzate cure idropiniche	train
fondazione ranieri sorbello trova palazzo sorbello piazza piccinino pieno centro storico perugia due passi palazzo priori cattedrale san lorenzo pozzo etrusco chiesa san severo	train
palazzo consoli ben visibile lontano trova centro storico gubbio	train
centro storico giove classico esempio impianto medioevale fitta serie vicoli intreccia interno perimetro delimitato mura medievali caratterizzato sovrapporsi archi scale contrafforti	train
ponte spiano trova poco fuori sigillo unaopera costituita imponenti macigni consentiva laattraversamento torrente fonturci allaantica via flaminia	train
festa san giovanni folclore cultura buona cucina	train
palazzo municipio origine medievale stato rimaneggiato pia volte corso secoli stato ulteriormente rinnovato recente	train
museo citta territorio colloca centro storico narni spalle palazzo comunale	train
scoperta scalo fluviale antica mevania	train
prodotto sotto denominazione todi doc comprende comuni collazzone massa martana monte castello vibio todi	train
caratterizzata due archi porta amerina conosciuta torre belvedere	train
antiquarium baschi custodisce reperti archeologici fornace romana sec rinvenuta localita scoppieto itinerario visita interno museo organizzato sezioni pannelli illustrati spiegare fasi lavorazione argilla cartine geografiche punti luminosi individuare localita modellini fornace navi trasporto servono creare ambiente stimolante ricco spunti attivita didattiche	train
eremo montecorona trova poco distante citta umbertide contesto isolato	train
tempietto clitunno piccolo sacello forma tempio trova comune campello clitunno piedi castello pissignano dominante valle spoletina	train
presso palazzo malizia torgiano ospita due collezioni permanenti altre estemporanee	train
collelungo scoperta storia arte fede	train
importante museo arte contemporanea circa interamente dedicato opere alberto burri	train
vitigno autoctono ottenuto riconoscimento vernaccia cannara doc	train
colle situato proprio spalle paese guardea luoghi pia panoramici dellaamerino stagliano ruderi dellaantico castello guardea vecchia	train
chiesa tempio santa maria trova subito fuori mura duecentesche centro abitato	train
detto castello palazzo marchionale edificio storico forme medievali rinascimentali situato borgo monte santa maria tiberina	train
chiesa san sebastiano edificata certamente fra xiv secolo venne modificata forma attuale	train
chiesa san francesco stata costruita intorno meta secolo ampliata inizio	train
chiesa santa croce trova umbertide piazza san francesco fianco chiese san francesco san bernardino sullaarea sorge esisteva gia secolo piccola chiesa dedicata santi pietro paolo doveva fungere oratorio confraternita disciplinati santa maria	train
cima collina quasi dirimpetto guardea vecchia situato castello poggiorimasto inalterato pia mille anni	train
costruzione romana via flaminia risalente seconda meta secolo inizialmente funzione tipo militare impiantava arteria rapido collegamento fra roma mare adriatico presenza infrastruttura condiziona pesantemente evoluzione popolazioni limitrofe portando apertura culturale economica sociale	train
laarea archeologica ocriculum rappresenta dimensioni ettari stato conservazione caratteristiche monumenti ricchezza materiali rinvenuti durante scavi centri pia importanti solo dellaumbria dellaitalia	train
tempio san fortunato todi sorge piazza umberto cima bella scalinata sopra resti complesso anteriore anno mille	train
chiesa moderna concezione risalente fregia vetrate artistiche concretizzate attraverso uso mosaico snella imponente struttura moderna presenta facciata grandi vetrate multicolori illustrano verita fede grande mosaico raffigurante san lorenzo distribuisce ricchezze chiesa poveri	train
fondazione archeologia arborea onlus scopo ricerca salvaguardia riproduzione alberi frutto via estinzione	train
museo sede palazzo albizzini centro storico citta castello palazzo secolo sobria architettura rinascimentale ascendenza fiorentina	train
centro foligno palazzo orfini ospita museo stampa stampata prima copia divina commedia	train
cisterne situate sotto attuale piazza matteotti corrispondente piazza pubblica eta romana forum estremita settentrionale abitato amelia	train
chiesa convento san girolamo trovano poco fuori mura spello lungo strada conduce collepino	train
pacifico oceano indiano mar rosso mediterraneo malakos circa mila esemplari catalogati rappresenta collezione privata conchiglie pia grande europa	train
chiesa gotica santa maria servi trova subito fuori cinta medioevale citta pieve vicino porta romana	train
contesto urbano datazione secolo chiesa san nicola nicola patrono citta sorge pieno centro storico presso scheggino	train
bella chiesa santa maria vecchia trova subito fuori mura ficulle laantica parrocchiale fino fine cinquecento	train
stroncone borgo medievale sommita ameno colle olivato breve distanza terni	train
descrizione mancante	train
ricordata gia ratio decimarum secolo registro decime venivano riscosse enti ecclesiastici chiesa parrocchiale san biagio porano assunto oggi aspetto molto differente originale interventi struttura stati numerosi	train
magico parco museo dellaartista brajo fuso	train
raggiungere santuario madonna miracoli bisogna recarsi castel rigone piccola frazione passignano trasimeno	train
fichi girotti prodotto tipico citta amelia farciti cioccolata frutta secca vengono prodotti confezionati famiglia girotti tutt oggi prodotto pasticceria molto diffuso	train
costruita sommita ripido monte ingino piedi estende citta edificio custodisce urna bronzo contenente corpo santo patrono ubaldo	train
palazzo priori comune solenne elegante architettura palazzi pubblici pia importanti umbria	train
chiesa san francesco terni santuario francescano affreschi bartolomeo tommaso	train
piazza san benedetto fulcro regolare impianto urbano gia alto medioevo spazio sapientemente articolato funzione edifici monumentali delimitano stratificazione funzioni stili epoche gotico trecentesco rinnovamento ottocentesco	train
complesso san francesco montone insediamento francescano risalente xiv secolo costituito chiesa gotica pinacoteca ospitata adiacente convento chiostro risalente xvi xvii secolo	train
teodelapio trova fuori centro storico fronte stazione ferroviaria spoleto	train
scoperta pittoresco borgo medievale frazione massa martana storia archeologia natura	train
chiesa convento san damiano trovano poco distanti centro storico assisi	train
chiesa romanica andrea pia antiche gualdo cattaneo pagava decime gia duecento	train
scrigno memoria cittadina	train
tuffo amore cortese	train
chiesa sorta insieme monastero annesso monache benedettine ora soppresso compiuta testimoniano iscrizioni leggono volta	train
lungo via romea germanica area ricca reperti archeologici	train
olmeto pieve caina mercatello tripoli percorso riscoperta spiritualita	train
chiesa parrocchiale santa maria assunta trova vicino piazza principale corciano intitolata coragino fondatore citta secondo antica leggenda mitico compagno eroe greco ulisse	train
centro paleontologia vegetale stato realizzato fine anni supportare attivita studio foresta fossile dunarobba ricostruendone caratteristiche geologiche climatiche faunistiche attraverso reperti pannelli esplicativi modelli scala	train
luoghi pia significativi dellaesperienza francescana pendici monte subasio	train
edificio vicino chiesa santa maria assetto ottocentesco prospetto cinquecentesco interno tracce affreschi xvi sec	train
qui coltivano sangiovese canaiolo trebbiano danno vita due rossi assoluto livello rosso torgiano doc rosso riserva docg	train
madonna fanciullo capolavoro bartolomeo caporali	train
gubbio vivi festa ceri perderti albero natale pia alto mondo gusta tipica crescia	train
trevi piccolo borgo medievale arroccato colle olivato parte centro orientale umbria foligno spoleto	train
chiesa san giacomo monastero annesso ospita oggi sede cedrav centro documentazione antropologica valnerina facciata corrispondente parete sinistra navata ornata portale archiacuto	train
vero scrigno arte fede cuore deruta	train
chiesa san salvatore trova usigni comune poggiodomo commissionata cardinale fausto poli segretario privato papa urbano originario piccolo borgo umbro	train
dolcemente adagiata pendici monte subasio patrimonio mondiale umanita assisi accoglie secoli fedeli provenienti mondo	train
edificio religioso pia importante amelia eretto sacrum verticem citta anno vasto incendio distrusse cattedrale venne ricostruita forme barocche	train
antiquarium allestito interno casale ingloba resti casa romana domus pregevoli decorazioni mosaico utilizzata partire eta augustea	train
maestro rinaldo iacovetti calvi entrust the community calvi with the building the church which initially dedicate madonna grazie	train
museo nato grazie passione alcuni cittadini locale pro loco iniziativa deve ricerca raccolta oggetti legati lavoro campi attivita domestiche artigianali	train
percorso suggestivo snoda lungo fiume tevere fino confluenza chiascio pressi torgiano	train
spina tuffo medioevo	train
the palazzo municipale corciano find corso cardinale luigi rotelli	train
tratta luogo conversione san francesco ascolta voce crocefisso diceva parole ripara casa santa chiara visse anni mora	train
museo attiguo parco meritano visita particolarita raccolta soprattutto area sorge	train
castruma costruito attorno anno mille orvietani vigilare guado chiani punto dive eta romana stato eretto argine praticabile muro grossoa venne trasformato possente castello bastioni angolari xvi secolo interno affreschi xvi xvii secolo	train
antica citta citerna borghi pia belli italia	train
allestito sale vescovado museo memoria assisi racconta storia trecento ebrei salvati grazie spirito accoglienza francescana assisi	train
gole nera dive natura cultura storia incontrano oltre duemila anni atmosfera unica degna prosecuzione valnerina dopo attraversamento conca ternana fiume nera	train
punto condivisione tante storie cammino	train
palazzo consoli costruito seconda meta secolo forse stesso maestro prode deve palazzo comunale spello	train
paciano piccolo borgo medievale adagiato colline lago trasimeno ricco patrimonio artistico	train
chiesa san francesco citerna ubicata lungo corso garibaldi edificata insieme annesso convento francescano santa elisabetta ora sede comune citerna seconda meta secolo fondamenta costruzione preesistente visibile parte bassa facciata	train
costruzione chiesa santa maria assunta risale periodo precedente prima data notizie certe dellaedificio	train
chiesa maria grazie sorge piedi colle montegabbione titolo chiesetta tipicamente rinascimentale tradisce chiaramente carattere tempio votivo linea architettonica esterna forma croce latina cupola cilindrica considerarsi rinascimentali mentre allainterno altare maggiore stucchi derivazione barocca	train
quattrocentesca chiesa san francesco affaccia piazza caprera parte alta dellaantico abitato nocera umbra sede pinacoteca museo civico	train
contesto montagnadatazione secololaantica abbazia situata parco naturale monte cucco valle fosso artino pendici monte catria lungo percorso unisce scheggia isola fossara	train
vastissima area sepolcrale civilta umbro etrusca risalente sec lungo colline digradano verso tevere meraviglioso patrimonio archeologico riserva inaspettate sorprese	train
chiesa san nicola trova localita val rise frazione crocicchie comune lisciano niccone	train
visita chiesa gotica ricordare passaggio san francesco piediluco	train
chiesa principale nocera chiesa madre diocesi nocera gualdo fino	train
laorvieto doc vini umbri pia famosi rappresenta maggioranza dellaarea vitata regione	train
simbolo legame storia territorio confine ricco torri castelli	train
origini risalgono albori cristianesimo secondo tradizione sorge casa prima miracolata san crispolto	train
piazza comune quasi esattamente circolare sorge palazzo comunale anticamente chiamato palazzo popolo	train
chiesa ricordata cappella salvatoris atto notarile pianta rettangolare campaniletto vela sopra facciata	train
chiesa san michele arcangelo trova centro storico citerna dedicata santo patrono piccolo borgo	train
contesto ruraledatazione xvii secolosituato pendici colle innalza sopra dellaalta valle tevere palazzo magherini graziani gode bellissima vista panoramica	train
porta marzia trova inserita arco cieco muratura rocca paolina maestosa opera architettonica cinquecentesca estesa vasto quartiere colle landone rilievo meridionale sorge perugia	train
chiesa francesco risale seconda meta secolo	train
piani castelluccio altopiano carsico alluvionale appennino umbro marchigiano	train
basilica san salvatore interessantissimo edificio paleocristiano eretto fine secolo inizio	train
laoro bianco dellaorvietano salvato dallaestinzione grazie allaimpegno coltivatori locali	train
borgo castelfiori comune montegabbione trova immerso verde circondato boschi	train
borgo ceselli scheggino valnerina meta ideale appassionati torrentismo	train
spettacolare esempio architettura rinascimentale bramantesca dedicato seguito miracolo proprio riva torrente tatarena	train
poco fuori porta nord monteleone orvieto lungo umbro casentinese trova chiesa crocefisso	train
ampia collezione famiglia illustra originali repliche eseguite artisti frequentarono fabbrica	train
chiesa santa cecilia patrona citta risale xii secolo pua notare abside	train
chiesa san francesco principale luogo culto cattolico deruta consacrazione risale dopo essere stata ricostruita seguito violento terremoto	train
castello giove cosa conosciamo oggi risultato opera restauro iniziata famiglia farnese xvi secolo continuata duchi ciriaco asdrubale mattei fortificazione medievale scopo difensivo	train
chiesa san domenico narni ubicata lungo via mazzini eretta xii secolo origine antica cattedrale citta dedicata santa maria maggiore	train
progetto tenere vivo ricordo saperi pratiche modi vivere mondo contadino	train
paradiso dellaarcadia perugina	train
abbazia san pietro inglobata ampliamento quattrocentesco mura trova fronte giardini frontone perugia	train
chiesa collegiata santa croce situata piazza mazzini venne costruita unitamente convento ordine frati minori convento ospita qualche tempo beato corrado offida famoso predicatore francescano mora bastia mentre annunciando avvento frati minori lasciarono santa croce clero regolare volonta pontificia chiudere piccoli conventi	train
dedicato storia cannara territorio	train
conoscere fondo laanima perugia consigliamo visitare chiesa dedicata santo tradizionalmente riconosciuto primo vescovo citta patrono insieme santi compatroni lorenzo ercolano meno ricordato ludovico tolosa perugini celebrano grande devozione gennaio	train
affascinante borgo umbro circondato colline boschi verdi vallate offrono visitatore bellissime sfumature colori tutte stagioni anno	train
situato piazza duomo orvieto destra cattedrale immediata prossimita palazzo soliano pia vasta imponente residenze pontificie orvietane	train
castello forme fonti san costanzo	train
museo situato allainterno palazzo priorale otricoli collega percorso didattico ideale attraverso reperti pannelli illustrativi tre identita storiche otricoli centro preromano laantica citta romana ocriculum laattuale centro storico medievale ricco materiali antichi riutilizzati tessuto urbano	train
palazzo gallenga stuart trova perugia piazza fortebraccio vicino imponente arco etrusco	train
importante ritrovamento tesoro canoscio oggi visitabile presso locale museo duomo	train
abbazia benedettina sorge colle dominante valle torrente nestore circa sud citta castello	train
scoperta segreti pittura vetro tramandati cinque generazioni	train
museo san francesco scoprire importanti opere arte segreti civilta ulivo	train
meta cittadina ridosso mura perugia pua regalarvi momenti relax attivita fisica cultura plein air	train
storia caratteristiche ceramica gualdo tadino ginestra successo tecnica lustro	train
palazzo vitelli ospita interno pinacoteca comunale riaperta pubblico trova centro citta castello prossimo mura urbiche via cannoniera	train
gioiello naturale poco conosciuto nascosto pieghe valnerina poca distanza preci salto venti metri sotto cielo dellaumbria	train
chiesa santa maria nuova trova centro storico gubbio interno quartiere sant andrea incrocio via savelli porta via nelli	train
casa vacanze trasformata coloratissimo gioiello daarte contemporaneo borgo medievale todi	train
produzione artigianale manufatti lino puro telai manuali fine secondo disegni originali medioevali rinascimentali	train
chiesa santa croce oggi santuario madonna stella sorge valle noce isolata contesto agricolo poco distante borgo cerreto spoleto	train
spazio espositivo punto arrivo crescente ricerca artistica contemporanea citta foligno	train
porta sant angelo risale secolo sopra volta ingresso trovano due fenditure ospitavano allora meccanismi manovra ponte levatoio sostituito poi ponte muratura	train
rasiglia borgo montano comune foligno celebre suggestive sorgenti	train
museo vetro piegaro allestito interno antica fabbrica vetro risalente primi ottocento posta centro storico paese	train
complesso villa fidelia villa costanzi ubicato base collina lungo strada centrale umbra territorio spello costruito xvi secolo famiglia urbani resti santuario appartenente insieme sacrale epoca classica secolo passa secolo donna teresa pamphili grillo trasforma completamente	train
allainterno splendida chiesa santa maria maggiorea spellosono presenti due opere pietro vannucci detto ail peruginoa	train
terni citta san valentino cascata marmore offre inaspettate testimonianze ogni epoca	train
scoperta gioiello particolarmente prezioso custodito nellaantico centro monte castello vibio poca distanza todi	train
santuario cosa chiamato altura sorge colle bagno venne edificato luogo miracoloso avvenimento poco distante centro deruta	train
eretta monaci benedettini inizi sec bettona conservare corpo santo patrono	train
situata fianco nord dellaalta valle tevere pietralunga occupa parte terminale crinale collinare ridosso dellaappennino umbro marchigiano	train
chiesa santa maria reggia sorge umbertide piazza mazzini oltre ponte torrente reggia	train
geolab spazio espositivo permanente dedicato divulgazione scienze terra	train
trebbiano spoletino quando vinificato purezza origine vino caratterizzato profumi piuttosto fruttati fresco abbastanza alcolico spiccata acidita	train
poco distante borgo giano umbria posizione isolata dominante sorge chiesa san felice storico iacobilli data istituzione complesso mentre realizzazione chiesa monastero annesso risale inizi xii secolo chiesa venne edificata sopra oratorio secolo ospitava sepolcro vescovo martire felice	train
varieta farro molto antica prime tracce risalgono allaeta bronzo ottenuto denominazione origine protetta	train
chiesa madonna giglio situata fronte porta vecchia passato consentiva accesso paese risale interno visibili numerosi affreschi alcuni quali ben conservati	train
basilica santa maria angeli sorse mentre palazzo capitano trova piazza principale assisi piazza comune	train
centro bevagna lungo corso matteotti trova municipio gia palazzo lepri edificato tardo settecento architetto andrea vici volere famiglia presenta facciata neoclassica porta arricchita elegante rosta ferro battuto	train
chiesa santaagostino localizzata allainterno borgo sigillo venne edificata dallaarchitetto svizzero giacomo cantoni fondamenta dellaantica chiesa santa caterina oggi rimane sola cripta medievale restaurata dallaamministrazione comunale adibita centro culturale	train
storia caratteristiche ceramica gubbio lustro mastro giorgio grandi maestri	train
nuova attrazione turistica esalta bellezza dellaarea belvedere superiore attraverso lautilizzo tecnologie avanguardia	train
forni legna piccolo borgo medievale comune gualdo cattaneo cuoce solo porchetta stesso momento prepara altro piatto tipico secondo ricetta tramandata generazione generazione	train
baschi incastrato mezzo rocce fitta vegetazione gola forello viene segnalato centro escursionistico pasquarella andando verso todi	train
spalle spoleto bosco sacro meditazione preghiera scelto san francesco	train
trova parte pia moderna paese presso parco pubblico	train
chiesa sant agostino pia antica gualdo cattaneo	train
senso dellaarte spoleto incline natura grazia bellezza ogni tempo esplode palazzo collicola arti visive	train
museo trova interno rocca parte alta centro storico spoleto	train
ponte fonnaia costruito romani poderosa costruzione viaria sola arcata sesto obliqua rispetto direttrice ponte costruita grossi blocchi travertino perfettamente squadrati dotati bugnatura	train
nucleo urbano medievale cittadina gualdo tadino erge antica rocca flea cima colle domina intero abitato chiamata flebea vicinanza fiume flebeo esempi pia significativi architettura militare difensiva umbra	train
santaanatolia narco molto pia museo luogo incontro scambio pratiche trasmissione competenze legate ciclo lavorazione canapa unaattenzione sostenibilita design	train
chiesina santa maria piaggiola definita antica sede monte pieta unico ambiente duecentesco volta botte caratterizzato affreschi ben conservati inizi eugubino ottaviano nelli	train
sorgente fiume clitunno crea laghetto acque limpidissime riflessi smeraldo giardino acqua fonte ispirazione poeti properzio plinio virgilio byron carducci	train
chiesa parrocchiale san michele arcangelo bastia umbra sita centro cittadino piazza mazzini	train
cattedrale san feliciano patrono foligno importante esempio romanico umbro interno neoclassico	train
torre trova centro orvieto lungo corso cittadino	train
trevi piccolo borgo medievale famoso tutta italia antichissima tradizione olearia	train
castello fabro parte territorio comunale fabro posizionato panoramico colle est torrente chiani	train
inizio rifacimento chiesa niccola prima risaliva xii sec progettista ippolito scalza urbevetanus definisce stesso firma apposta gruppo marmoreo pieta trova duomo orvieto segua personalmente lavori circa anni soltanto ultimo periodo sostituito antonio carrarino durante costruzione campanile	train
testimonianze antiche fin secolo	train
acquedotto romano detto formina esteso reticolo cunicoli corridoi realizzati secolo sotto impero tiberio secoli assicurato approvvigionamento idrico citta narni territorio circostante	train
gola bottaccione sito geologico scrigno arte	train
palazzo capra chiamato palazzo nardo sorge interno paese tuoro appena usciti centro abitato direzione sanguineto	train
chiesa parrocchiale santa maria assunta sec trova interno borgo	train
complesso francesco secolo xiv oggi sede dellaauditorium biblioteca comunale dellaarchivio storico	train
costruito stesso luogo santo predicato compiuto miracolo	train
chiesa edificata partire venne insignita titolo cattedrale ricostruita disegno giovanni gubbio papa innocenzo consacra facciata vero proprio capolavoro scultura romanica divisa orizzontalmente tre zone	train
palazzo trinci trova lato nord piazza repubblica antica platea magna cuore pulsante citta foligno	train
chiesa madonna stella situata parte meridionale piccolo borgo paciano appena fuori porta rastrella	train
presso umbertide posizione panoramica valle assino colloca castello civitella ranieri prende nome cittadella umberto figlio raniero fratello duca guglielmo monferrato costruire quel luogo	train
sorta xiv secolo interno castello valfabbrica ridosso muro perimetrale	train
posta fuori mura acquasparta fatta costruire cardinale matteo bentivenga acquasparta	train
nato ospedale cavalieri gerosolimitani attuali cavalieri malta intitolato giovanni battista nucleo originario castello edificato meta secolo xii lontano dallaimportante asse viario perugia trasimeno toscana	train
esempio architettura civile medievale palazzo capitano oggi sede museo civico pinacoteca todi	train
chiesa santi filippo giacomo sorge piazza vittorio emanuele piazza principale monte castello vibio	train
avenerabile confraternita santaandrea apostoloa ancora sede sacro edificio bettona	train
abbazia vallingegno sorge cima collina pochi chilometri gubbio immersa bella natura campagna umbra	train
chiesa santa maria sopra minerva rende contribuire ancora pia suggestivo splendido scenario piazza comune interno centro storico assisi adibita culto volere papa paolo stata realizzata interno antico tempio romano	train
medioevo rispettivamente bertesca castello permetteva defensam muro comunis super suptus voluto statuti annessa domus integrata unam domunculam pro stantia custodum incrementare armamento difensivo ogni vicario uscente dopo mesi mandato lasciava comune unam balistam unam rotellam valore due fiorini oro	train
trova omonima via appena fuori mura	train
chiesa san michele arcangelo trova lungo attuale corso vittorio emanuele antico decumanus vicus castrum centro collazzone	train
museo merletto trova palazzo opere pie interno piccolo villaggio posto riva occidentale isola maggiore	train
laarte contemporanea trevi acentroa prestigioso edificio quattrocentesco cuore borgo quando storia avanguardia fondono	train
situato nellaomonima piazza margini centro storico assisi laabbazia san pietro tappa perdere durante visita questaarea territorio umbro origine benedettina particolare facciata bellezza interno atmosfera spirituale tesoro assoluto	train
fortezza razza guardia territorio umbro confine lazio chilometri castel giorgio	train
fabbrica chimica diventa fabbrica cultura	train
visita chiesa santa maria assunta arrone parco fluviale nera lungo via francesco	train
arco etrusco perugia monumentale ingresso citta tornato splendore dopo restauri brunello cucinelli	train
cuore isola polvese fondamentale punto riferimento conoscenza primo romanico umbro	train
fitta vegetazione bosco sacro ricopre monteluco slm collina spettacolare ponte torri unisce citta spoleto	train
citta scheggia ricca storia immersa parco monte cucco	train
contesto montagnadatazione secololaantica badia raggiungibile strada sviluppa pendici monte catria partendo scheggia muovendo direzione sassoferrato sorge confluenza fiume sentino rio freddo trae nome congiuntoli congiunzione	train
piccolo nucleo medievale usigni sorge scosceso sperone roccioso protende sottostante valle tissino affaccia caratteristico borgo poggiodomo	train
open the public since the museum house the monastery hold the ursuline since the first half the eighteenth century	train
cappella san rocco sorge via amerina giove conduce amelia edificata intorno xvi secolo offerta santo invocato pestilenza	train
piscina naturale interamente scavata roccia acque perennemente limpide	train
sorge sullaantica via flaminia chiamata ora chiesa cimitero edificata elemosine popolo meta	train
visita duomo citta castello dedicato compatroni citta florido amanzio	train
campo sole tuoro trasimeno originale museo aperto unico genere sorge punta navaccia zona grande interesse naturalistico	train
chiesa maria assunta cielo laattuale chiesa parrocchiale montegabbione	train
rocca monaldi erge isolata pressi magione contornata folta vegetazione molta probabilita eretta xiv secolo corso tempo suba alcuni cambiamenti renderla pia conforme uso abitativo	train
luogo isolato posto monte citerone gia tempi francesco esisteva romitorio costituito alcune grotte naturali	train
pieve santa maria chiesa parrocchiale pietralunga innalza maestosa piazza fiorucci	train
situata cuore paese edificio risalente fine secolo inizi successivo costituito vano rettangolare coperto crocieraa grande cappella sinistra origine doveva rappresentare nucleo chiesa primitiva	train
palazzo altieri antica sede vescovi celebre giardini trova centro storico fratta todina	train
impossibile nominare sagrantino pensare subito territorio origine montefalco balcone umbria viene chiamato piccolo borgo gode magnifica vista valli circostanti	train
edificio mostra diverse fasi costruttive infatti iniziato xiv secolo accorpando tre edifici ultimato secolo successivo	train
palazzo vitelli cannoniera palazzi famiglia vitelli costruire citta castello	train
chiesa san bernardino trova destra chiostro chiesa san francesco piazza san francesco centro storico umbertide	train
scorci pia suggestivi antico borgo medievale passignano	train
rocca arie pressi montone origini molto antiche eretta famiglia fortebracci resti antico fortilizio difesa primitiva popolazione	train
castello pissignano pianta triangolare deve nome temine latino pissinianum cioa luogo piscina posta pressi tempietto clitunno accanto famose fonti clitunno	train
originaria sede mercato medievale piazza ora attrezzata parte parcheggio parte giardino	train
palazzo corgna certamente pia rilevante dimore signorili citta pieve	train
citta assisi stata dichiarata patrimonio umanita	train
compignano paese fornaciai	train
grande opera globale sempre aperta mai finita elementi passato sovrappongono presente futuro	train
storia edificio legata indissolubilmente famiglia bufalini vantava personaggi affermatisi ambito ecclesiastico letterario giuridico	train
rocca passignano sorge allainterno paese posizione leggermente sopraelevata rispetto allaabitato sviluppatosi successivamente lungo riva lago passignano significa aluogo passoa cia riferimento probabilmente allaesistenza struttura militare romana controllava famoso apassoa via collegamento nord sud penisola	train
piazza grande gubbio terrazza pensile affacciata panorama umbro pia suggestive ardite realizzazioni urbanistiche medievali	train
costruita intorno secolo torre orologio monteleone spoleto tre porte seconda cinta muraria	train
complesso ingresso via cava snoda sotto quartiere pia antico orvieto	train
chiesa san francesco gubbio prime chiese dedicate santo assisi	train
chiesa santa maria pieta trova periferia settentrionale umbertide presso neoclassico ospedale civile	train
gola forello valle umbra situata todi orvieto formata fiume tevere attraversa dorsale monte peglia monti amerini	train
tempo faro segnalazione campanili pia antichi tutta laumbria	train
luogo san francesco predica uccelli	train
palazzo comunale sorse seguito distruzione antico palazzo rettori arti priori causata sisma	train
collezione include due distinte sezioni archeologica pittorica	train
oratorio trova morra distante pochi chilometri citta castello	train
foligno sale palazzo candiotti esposizione multimediale far vivere laesperienza sfida antica gara avvincente spettacolo competizione	train
palazzo capitano popolo trova piazza comune sinistra chiesa santa maria sopra minerva	train
ricchissimo percorso espositivo interattivo caratteristico borgo san feliciano sponde lago trasimeno conoscere laorigine bacino lacustre sviluppo attivita ittiche esso legate	train
basilica santa chiara assisi racchiude tomba santa crocifisso parla san francesco	train
palazzo priori edificio ricco elementi stupendi rendono monumento pia belli architettura civica	train
tratta chiesa unica navata cinque altari arricchita pregevoli opere daarte	train
chiesa parrocchiale costruita sostituzione chiesa antonio padova attualmente scomparsa trovava interno mura castellane	train
prima foresta interattiva italia alberi parlanti raccontano bosco clima cambia	train
palazzo capitano popolo detto palazzo capitano contado trova fine via fusaiola pressi piazza coragino corciano	train
ornamenti liberi fantastici mascheroni putti alati canefore creature marine antologie faunistiche immaginarie trofei daarmi compongono variegata ricercata decorazione maiolica deruta	train
fra pia antiche chiese stroncone certezza consoli stronconesi dono allaabbazia benedetto fundis	train
santuario madonna carraia situato lungo strada congiunge localita panicarola carraia edificato seconda meta xvii secolo	train
zona san marco perugia sotto vecchia ciminiera storica fornace trova ampio locale ospita museo giocattolo circa spazio possibile ammirare collezione consta circa giocattoli epoca giorni	train
cappella sorge adiacente piccola chiesa san severo rione porta sole centro storico citta perugia	train
chiesa giovanni battista costruzione gotica sec xiv torre quadrata caratterizzata abside poligonale	train
chiesa san francesco consacrata suba corso secoli notevoli modifiche ampliamenti	train
nuovo spazio dedicato arte contemporanea creato collezionisti angela massimo lauro esporre parte collezione personale	train
cattedrale san lorenzo trova centro storico perugia piazza novembre definisce lato settentrionale	train
chiesa san paolo abbadesse trova fuori nucleo abitato bastia umbra oggi annessa cimitero comunale costruito situata pressi confluenza torrente tescio fiume chiascio	train
terra frontiera	train
valfabbrica escursioni naturalistiche palio arte cultura sentiero francescano pace via francesco	train
chiesa san francesco trova piazza san francesco umbertide vicino chiesa san bernardino facciata conci ornata portale arco trilobo epoca trecentesca sopra ampio oculo	train
chiesa santa maria assunta custodita interno mura cittadine stata costruita presenta facciata armonica custodita fra due campanili	train
situato punto strategicamente importante due citta perugia gubbio monastero benedettino maria valdiponte corbiniano detta montelabate inzia storia intorno secolo	train
chiesa francesco convento berardo sorgono circa metri mura calvi umbria crinale collinare divide valli otricoli magliano sabina incrocio vecchia strada narni	train
laoratorio san giuseppe leonessa eretto otricoli elemento qualificante dellaarchitettura settecentesca centro storico otricoli	train
santuario spogliazione trova chiesa santa maria maggiore accanto vescovado antica cattedrale assisi venne battezzato san francesco	train
piccolo centro etrusco sinistra tevere controllato vicina potente perusia perugia dota possente cinta muraria racchiudeva abitato organizzato stessa sommita colle occupata borgo medievale oggi attuale centro bettona	train
tratta dellaunico stabilimento termale umbria alimentato acqua solfurea ricca calcio indipendentemente stagione mantiene temperatura costantemente adegc notevoli caratteristiche qualita terapeutiche	train
palazzo corgna sorge piazza gramsci centro storico castiglion lago collegato tramite camminamento coperto bellissima fortezza medievale domina lago trasimeno	train
percorso storico culturale	train
museo unico mondo raccoglie migliaia uova dipinte scolpite opere frutto mostra concorso nazionale ovo pinto nata civitella lago geniale intuizione bernardini anacleto presidente associazione culturale giovanile	train
progetto scultori brufa strada vino arte nato obiettivo portare avanti esperienza artistica originale moderna costituzione vero proprio museo plein air	train
the palazzo priori find the charming location piazza comune the political and cultural hub assisi	train
fondata nellaxi xii chiesa maria maggiore eretta probabilmente resti tempio pagano dedicato giunone vesta chiesa poi intitolata nativita quindi madonna apparteneva abbazia camaldolese silvestro collepino	train
museo sede trecentesco palazzo pietromarchi marsciano principale centro dellaumbria produzione laterizi citta interamente costruita mattoni	train
inaugurato museo sede cinquecentesca chiesa sant agostino panicale	train
santuario eretto autorizzazione ecclesiastica vescovo spoleto francesco eroli datata bevagna	train
chiesa sant ala trova via sant ala slargo apre lungo via febbraio terni	train
ubicata interno abitato castiglione lago rocca leone domina parte orientale protende verso lago trasimeno	train
antica tipografia fondata utilizza lavorazioni antichi macchinari impiegati passato tecniche tradizionali	train
chiesa san michele arcangelo polino monumento attorno snoda nucleo urbano centrale citta	train
piccolo canyon vicino piegaro	train
costruito societa adella concordiaa sorta scopo aoffrire diletto laeducazione dare trattenimenti morali pubblici privatia progetto disegno dellae nazareno biscarini	train
caa perla rara bellezza montefalco insieme vino sagrantino rende unico borgo chiesa san francesco costruita frati minori trasformata museo ambienti dellaannesso convento	train
area etrusca sud est capoluogo umbro sorge villa boccaglione commissionata famiglia penna secondo alcuni studiosi architetto piermarini secolo	train
situata caratteristica piazza san valentino chiesa origini altomedioevali quando ancora piccola pieve campagna intorno sorse nucleo abitato successivamente fortificato	train
maestoso ponte torri simboli spoleto collega colle sant elia monteluco	train
piazza popolo todi pia belle piazze medievali italia	train
protettore innamorati festeggiato febbraio stato vescovo terni	train
pittoresco borgo preggio trova vicino confine territorio comune passignano trasimeno	train
visita parco monte subasio scopri luoghi memorie francescane	train
duomo spoleto dedicato santa maria assunta sorge fondo scenografica piazza affacciano cinquecentesco palazzo rancani poi arroni palazzo signoria chiesetta ottagona santa maria manna piccolo teatro caio melisso	train
museo ospitato interno ambienti palazzo podesta centro storico gualdo tadino cittadina situata parte nord est umbria vicino confine marche	train
santuario mongiovino madonna mongiovino sorge breve distanza panicale circa appena sotto laantico castello mongiovino	train
origini molto antiche costruito infatti cima collina sovrasta paese est intorno secolo opera marchesi monte possedevano pose sotto protezione perugia segua sorti	train
rivivete laappassionante storia dellaantico castello domina unaaltura sinistra tevere orvieto amelia	train
basilica cattedrale san benedetto domina piazza maggiore gualdo tadino chiudendola visivamente lato orientale facciata	train
chiesa maria assunta chiesa matrice pia importante paese situata pressi porta ternana lungo via sabina oggi via roma tempo principale via comunicazione attraversava centro abitato calvi	train
antico castello immerso bosco millenario	train
vicolo baciadonne vicolo innamorati pia stretti italia	train
databile xvii secolo chiesa san pancrazio trova centro paese piazza giorgio rovere	train
affreschi meo siena piccolo scrigno arte	train
laisola maggiore seconda grandezza lago trasimeno presenta ricoperta fitta vegetazione olivi lecci cipressi differenza dellaisola polvese minore ancora oggi urbanizzata presenta infatti piccolo villaggio riva occidentale	train
edificato pressi magione castello zocco domina alto lago trasimeno secoli rappresenta pia possente insediamento militare zona disponendo ben sette torri oggi rimangono cinque tre porte poderosa cinta muraria	val
teatro rustici sorge allainterno monteleone orvieto piccolo borgo storico situato allaestremo nord provincia terni	val
fornaci mura citta	val
costruzione voluta nellaanno vescovo san volusiano ricostruita stile comanico sec accolse reliquie san gemine altri successivi rifacimenti fino attuale forma ottocentesca	val
chiesa san francesco trova omonima piazza foligno	val
luogo ideale amate conquistare angoli insoliti circa foligno fuori circuiti pia battuti spettacolo fiume compie balzi olimpionici entrera cuore	val
storia caratteristiche ceramica deruta petal back calligrafico colori tradizione decorativa	val
vicino stroncone borgo medievale arroccato colle ricoperto uliveti gelosamente protetto solide mura castellane cela vero proprio luogo sogno circa mille metri altitudine	val
pressi borgo pascelupo trova splendido eremo dedicato san girolamo appartenente congregazione eremiti camaldolesi monte corona	val
abbazia trova lungo strada provinciale pietralunga porta reggio collina lontana centri abitati	val
collocata interno centro storico torgiano stata edificata fine secolo	val
parti pia antiche chiesa santa caterina vallo nera appartengono sec xiv principio sec campanile vela parete fondo ingresso monastero	val
edificio curiosamente tagliato due galleria omonima pianta rattangolare articola tre piani	val
scheggino castello pendio forma triangolare coronato vertice cassero roccia	val
museo scientifico interattivo comune provincia perugia punto riferimento umbria esplorare launiverso cultura scientifica	val
incantevole borgo medievale immerso natura	val
museo olivo olio moo ospitato interno borgo torgiano rinomato centro produzione vitivinicola fra perugia assisi	val
convento stato eretto frati francescani pressi bettona sopra resti fortilizio utilizzato ospedale poveri	val
teatro trova comune gubbio area archeologica guastuglia	val
estende localita grotta traiana piccola frazione villa san faustino comune massa martana breve distanza tracciato antico via flaminia ponte fonnaia	val
chiesa san michele arcangelo pia antiche perugia	val
rocca trova isola polvese insieme isola maggiore minore occupa bacino lago trasimeno	val
gioiello monteleone biga etruscaa antico carro parata legno noce completamente rivestito lamine bronzo dorato decorate sbalzo applicazione placche avorio	val
luogo dimorava francesco durante visite cannara	val
storia caratteristiche ceramica orvieto buccheri etruschi galletto orvietano	val
palazzo priori mercanzia trova lungo corso principale corciano corso rotelli dive allineano palazzi pubblici documentano rilevanza politica economica castello medioevo	val
passegiata bosco scoprire interessante architettura etrusca	val
antiquarium organizzato tre sezioni paleontologica preistorica protostorica archeologica	val
museo odierno sezione paciano sistema museo diffuso archidiocesi perugia citta pieve nasce collaborazione soprintendenza beni storici artistici umbria volonta valorizzare conservare pezzi memorie passato comunita cosa gia ideato don aldo rossi	val
raccoglie materiali pia antico recente ritrovamento costituisce assieme museo fondazione faina sintesi conoscenze archeologiche orvieto	val
conoscono origini alcuni documenti autentici conservati archivio comunita monastero quali desunto tempo clemente dieci monache agostiniane riunirono professare regola chiara norcia propagarne laordine	val
descrizione mancante	val
inaspettato viaggio sotterraneo scoperta radici citta san francesco lingua antichi romani raccontano memorie sottosuolo	val
bella posizione panoramica centro fabro trova chiesa san martino intitolata santo patrono cavalieri viaggiatori	val
laoratorio giovanni decollato situato sinistra porta ingresso dellaantico castello stroncone autentico gioiello daarte architettura	val
chiesa parrocchiale san lorenzo trova centro collazzone davanti piazza principale intitolata umberto recentemente pavimentata cotto	val
luogo tempo fermato possono godere meravigliosi tramonti	val
necropoli estesa lungo versante settentrionale rupe tufacea sorge orvieto etrusca velzna	val
edificio anticamente chiamato palazzo priori molto probabilmente secolo secoli successivi subito vari rimaneggiamenti modifiche alterato linee originarie	val
merletto orvietano tradizione innovazione arte antica impieghi moderni	val
palazzo baldeschi sorge allainterno piccolo borgo paciano	val
storico birrificio fondato perugia sede togiano	val
passando foligno merita sicuramente visita splendido oratorio nunziatella edificato attribuito senza riscontri certi francesco bartolomeo pietrasanta	val
eremo dedicato cura dolori reumatici	val
abbazia san pietro bovara trevi pissignano amata san francesco raccogliersi preghiera	val
sant apollinare finestra valle nestore	val
mille ettari zona umida parco regionale lago trasimeno lungo rotte migratorie nord europa allaafrica sud sahariana	val
caratteristico borgo preci sorge distante norcia confine regione marche	val
poggio otricoli situato altura livello mare sotto monte pancrazio piccolo delizioso paese dellaumbria meridionale affacciato valle tevere allaalta sabina	val
chiesa pia antica fossato eretta origine fungere monastero camaldolesi	val
chiesa san giovanni battista situata omonima piazza centro marsciano	val
feudi proprieta nobile famiglia cesi acquisisce centri risiede lazio umbria spicca residenza acquasparta sicuramente pia illustre importante	val
costruito entro laala nuova palazzo priori sede corporazione cambiatori moneta	val
introdotte umbria prima meta secolo patate diffuse macchia leopardo tutta regione	val
vero proprio museo cielo aperto parco archeologia industriale campacci marmore situato vicino belvedere superiore cascata marmore lungo sentiero nadeg	val
palazzo baglioni trova piazza repubblica centro storico spello palazzo comunale chiesa santaandrea	val
chiesa madonna carmine trova borgo montefranco centro fortificato immerso olivi boschi querce ricco tesori artistici architettonici	val
museo archeologico nazionale spoleto conserva reperti testimonianze ricca storia citta territorio particolare riguardo valnerina spoleto rapporto culturale strettissimo	val
santuario madonna grondici sorge posizione panoramica molto suggestiva pressi frazione tavernelle comune panicale	val
poco distante citta perugia localita ferro cavallo trova interno casa medievale cavalieri malta	val
poco fuori borgo toscolano comune avigliano umbro trova chiesa madonna annunziata navata unica ingloba interno parete fondo edicola votiva decorata affreschi attribuiti pittore rinascimentale umbro piermatteo amelia	val
fontana costruita sopra pozzo medievale stata inaugurata agosto serviva rifornire acqua centro storico citta	val
visita chiesa san giovanni battista eggi ammirare affreschi giovanni pietro detto spagna	val
incantevole piazza fortebraccio riprende nome capitano ventura andrea fortebracci detto appunto braccio montone signore castello partire secolo	val
rocca sicuramente monumento pia importante gualdo cattaneo	val
interno esposta unainteressante tavola nicola liberatore	val
posta principale piazza antico borgo attigliano fontana delfini tritoni rimane simboli principali luogo insieme castello venne realizzata duplice funzione arredo urbano approvigionamento idrico garantito due fonti pubbliche	val
viaggio abbazia benedettina san pietro valle scrigno arte storia	val
chiesa santi gervasio protasio duomo citta pieve posizionata nellaarea occupata piazza gramsci plebiscito piazze pia centrali citta	val
chiesa san rocco trova fuori vallo nera lungo strada conduce casali venne eretta sec	val
zona ricca sentieri mezzo bosco mtb trail running trek passeggiate	val
percorso acquedotto monte pacciano circa centro storico fino fontana maggiore centro storico perugia	val
piccolo gioiello fortificato completamente immerso natura circondato boschi elci querce castagni vera propria terrazza naturale territorio circostante	val
eccezionale tesoro archeologico cuore dellaumbria	val
centro storico spoleto laantico monumento origine duecentesca domina citta austera primitiva bellezza	val
chiesa chiamata maria impensole percha costruita pendio costruzione resti struttura pia antica datata secolo mantenne struttura portante	val
romanica chiesa santa maria pantano sorge fondamenti romani area archeologica vicus martis	val
chiesa san claudio trova fuori contesto urbano lungo via centrale umbra spello conduce villa fidelia	val
diverse localita umbria lazio rivendicano esatta ubicazione tuttavia secondo serie verifiche condotte giuseppe angeletti studioso appassionato geografo perugia istituto geografico militare firenze centro geografico italia peninsulare posizionato lungo percorso acquedotto romano formina vicino ponti romani pia suggestivi citta narni ponte cardona	val
piazza principale massa martana conserva ancora caratteristiche centro fortificato trova chiesa san felice dedicata patrono leggenda vuole vescovo martire dellaantica civitas martana	val
chiesa sacramento costruita contrada piazza vecchia societa santissimo sacramento	val
raggiungendo piazza duomo rimarrai senza fiato ricchezza facciata slancio guglie oro sfondo mosaici rosone portali bronzei caso maggiore attrattiva orvieto straordinaria sintesi architettura scultura arti decorative pittura considerata gioiello stile romanico gotico	val
duomo todi intitolato maria annunziata iniziato xii secolo continuato completato solo xiv secolo	val
basilica maria angeli venne costruita struttura ingloba convento francescano cappella porziuncola dive santo assisi fonda ordine francescano	val
piccola chiesa madonna crocetta sorge strada conduce paese piegaro	val
altitudine contesto montagna centro piccolocastel san felice localita comune santaanatolia narco piccolo borgo fortificato situato sponda destra fiume nera attraversato antichi percorsi parte ancora praticabili collegavano diversi castelli esistenti valle principale centro spoleto	val
estensione abitato romano carsulae segnato nord porta urbica nota arco san damiano	test
chiesa ubicata fuori porta romana prossimita mura san gemini localita detta fico nero	test
rocca paolina fortezza papale xvi sec trova interno centro storico perugia possibile visitare sotterrani etrusca porta marzia piazza italia piazza partigiani	test
patrimonio umanita basilica san francesco assisi custodisce tomba santo capolavori giotto cimabue	test
immerso verde posizione dominante vallata speco narni luogo francescano pia antico valnerina	test
grechetto malvasia ciliegiolo sangiovese vitigni pia coltivati zona pera nota storica produzione vin santo vino dolce sapore ancestrale	test
teatro caporali sorge allainterno centro storico borgo panicale merita essere visitato laeleganza struttura interna riccamente decorata spettacoli teatrali vengono allestiti	test
museo situato colfiorito piccola localita montagna comune foligno posta lungo importante snodo viario collegava gia antico umbria sabina costa adriatica	test
chiesa santissima trinita sorge interno avigliano umbro chiesa parrocchiale paese venne edificata xvii secolo parte integrante castello famiglia vici legge documento vescovo todi rodolfo consacra altare maggiore	test
laimpianto strozzacapponi costituisce perfetto esempio necropoli organizzata secondo preciso disegno rito sepoltura dellaincinerazione normalmente utilizzato territorio perugino eta ellenistica corpo defunto veniva bruciato ceneri raccolte allainterno urne travertino olle ceramica	test
rocca spoleto museo arte storia	test
opere dellaa pinacotecaa bettona segnalano due dipinti attributi pietro vannucci detto ail peruginoa ila sant antonio padova laa madonna misericordia santi stefano girolamo committenti oltre segnala gonfalone santaanna	test
edificio pubblico costruito angelo orvieto qualche anno dopo comune sembra incarico tarlati pietramala ultimato	test
museo ubicato interno consorzio tabacchicoltori pressi scalo ferroviario san giustino	test
beverly pepper park todi rappresenta ila primo parco monotematico scultura contemporanea umbriaa primo dellaartista americanaa mondo	test
the museo claudio faina and the museo civico archeologico house inside palazzo faina locate piazza duomo orvieto	test
splendidissima colonia julia epoca romana spello conquistera vie medievali infiorata affreschi pintoricchio	test
cuore valnerina allainterno parco fluviale fiume nera cripta chiesa santo stefano centro ferentillo custodisce prezioso insolito tesoro	test
sito esteso localita scoppieto comune baschi occupa pianoro dominante valle tevere zona ricca giacimenti argilla acqua terre fertili	test
castello poggio sec gia sede visconte valle topino residenza municipale fino	test
coltivato zona fin xvii secolo presidi slow food regione	test
nuova chiesa parrocchiale stata seconda opera cardinale giovambattista altieri	test
splendido borgo lungo antica via spina	test
chiesa san silvestro bevagna testimonianza architettura religiosa stile romanico umbro	test
sito suggestiva piazza marconi notevole esempio edificio nobiliare costruito stile rinascimentale edificio rimasto incompleto fatto costruire fantino petrigani conquista posizione curia papale sotto protezione papa gregorio	test
calamita cosmica opera arte contemporanea gino dominicis ospitata centro italiano arte contemporanea locali chiesa santissima trinita	test
prezioso sepolcreto etrusco immerso bosco pochi chilometri castel giorgio confine umbria lazio	test
istituito gruppo notabili locali museo tipologia pia antico italia ospitato trecentesco convento san francesco interamente restaurato	test
chiesa monumentale san domenico citta castello iniziata xiv secolo terminata	test
chiesa parrocchiale otricoli dedicata santa maria assunta ubicata punto pia alto paese piazza principale considerata edificio xii secolo fino anno rinvenimento nicchia affreschi sec realta importante esempio dellaarchitettura preromanica vii secolo	test
recente denominazione origine protagonista grechetto qui storicamente coltivato varieta conosciuta todi	test
arrone borgo immerso ambiente naturale incontaminato valnerina parco fluviale nera	test
cannara area limitrofa assisi storicamente vocata coltivazione cipolle luogo ancora oggi resistono usi costumi strettamente legati particolare prodotto	test
cronache frate bartolomeo amelia fonda chiesa san francesco dedicata inizialmente santi filippo giacomo lavori condotti maestranza umbre menucci amelia giovanni nicola castel aquila	test
tempio epoca etrusca situato estremita settentrionale citta disposto spianata panoramica	test
abbazia sant eutizio sorge breve distanza preci	test
oratorio santa maria bianchi citta pieve custodisce maggiori capolavori perugino	test
chiesa santa maria infraportas affaccia lato occidentale piazza san domenico centro storico foligno	test
chiesa san francesco prato affianca sinistra laoratorio san bernardino trova perugia piazza san francesco termine via priori	test
fontana memoria caduti ivan theimer trova piazza don minzoni foligno tratta opera arte contemporanea folignati ribattezzo fontana tartarughe causa testuggini bronzo trovano intorno fonte	test
castello pieve vescovo cosa chiamato percha secoli proprieta mensa arcivescovile perugia sorge verde colle domina valle caina chilometro borgo corciano	test
tutta bellezza pittura umbra rinascimento scrigno opere daarte fra tutte spicca firma apadrone casaa benozzo gozzoli fortemente legato territorio	test
chiesa san bevignate trova porte perugia via pozzo fronte cimitero monumentale	test
prima cattedrale citta poi collegiata abolita federico ripristinata solamente volonta papa paolo	test
trova confine territorio perugino toscano comune lisciano niccone collina circa statale valle niccone costruito prima anno appartenne marchesi monte	test
santuario santa rita trova parte pia alta nucleo abitativo cascia inserisce contesto urbano rompendo ogni modulo dimensionale stilistico	test
rintracciabili unicamente tradizione citta norcia coglioni mulo fondano propria origine consumo insaccati carne mulo vicino abruzzo	test
passeggiando lungo centrale via cavour spello poco dopo chiesa santa maria maggiore incontra chiesa dedicata sant andrea	test
anfiteatro sorge area antica citta carsulae presso san gemini vasto pianoro circa livello mare fronte antico teatro	test
oasi pia grandi wwf luogo bellezza romantica simbolo qualita ambientale biodiversita	test
abbazia san salvatore montecoarona fra pia importanti abbazie benedettine umbre trova poco distante citta umbertide contesto isolato	test
estende sommita pianoro pieve poche centinaia metri nord borgo collemancio compreso territorio comunale cannara	test
centro storico umbertide	test
abbazia sassovivo trova pochi chilometri foligno direzione camerino imponente vista arroccata pendici monte aguzzo mole pietre calcaree staglia cupo bosco lecci ricopre pendici monti circostanti pia antiche testimonianze presenza benedettina valle spoletina	test
casa romana esempio abitazione signorile prima eta imperiale stile affreschi mosaici tipo muratura collocano casa romana secolo	test
museo sede convento san domenico situato lungo corso cavour poco fuori mura etrusche perugia	test
area boschiva oltre situata altitudine fra metri destinata comunita montana parco attrezzato	test
cattedrale dedicata santi mariano giacomo edificata piedi monte ingino chiesa romanica possono notare resti lato destro facciata risale sec xiv	test
edificio risultato opera prolungamento verso est innalzamento primitivo palazzo comunale duecentesco costruito pietra calcarea bianca rosa	test
chiesa santi pietro paolo gia sede societa disciplinati san salvatore tre parrocchie citta	test
isolata pressi villa san faustino frazione massa martana abbazia costruita sopra insediamento epoca romana evince alcuni ruderi ancora presenti vicino edificio religioso	test
scrigno daarte cuore centro storico perugia	test
parco comprende rovine municipio romano carsulae sorto lati via flaminia presso san gemini localita nota sin antichita fonti acque minerali	test
palazzo priori collocato angolo piazza novembre corso vannucci perugia	test
museo vino muvit ospitato interno palazzo graziani baglioni lungo corso principale torgiano rinomato centro produzione vitivinicola fra perugia assisi	test
avigliano umbro piccolo borgo origine romana sorge sommita colle meta distanza todi amelia	test
chiesa san francesco bettona edificio risalente xii sec	test
repubblica cospaia stata piccolo territorio indipendente febbraio giugno attualmente frazione comune san giustino	test
convento francesco fondato secondo tradizione stesso san francesco divenne xvii sec importante centro studi teologici storici eruditi	test
chiesa san giovanni battista vallo nera edificata corso xiv secolo riguarda parte absidiale ampliata parzialmente ricostruita xvi secolo data incisa angolo sinistro facciata	test
punto pia alto citta rocca maggiore assisi raggiungibile salendo via porta perlici pressi cattedrale san rufino percorrendo circonvallazione esterna arriva cima colle asio	test
citta castello territorio ricco eventi luoghi arte storia artigianato importanti tradizioni	test
museo trova centro storico polino allainterno rocca	test
palazzo popolo medioevo sede podesta oggi ospita museo civico pinacoteca todi	test
palazzo penna gia vibi situato perugia viale indipendenza tre archi ingresso via podiani traversa corso cavour	test
piccolo legume tipico zona colfiorito orgoglio zona cascia dive presidio slow food	test
poco distante lago trasimeno trova mugnano pittoresco borgo conosciuto mondo muri dipinti	test
raccolta ospitata collegio boccarini origine convento francescano xiv secolo dotato chiostro doppio loggiato realizzato xvi secolo	test
piazza pietro bilancini monteleone orvieto quasi fondale palcoscenico eleva torre dellaorologio costruita fine disegno dellaarchitetto monteleonese filidio lemmi laterizi fabbricati locali fornaci danno costruzione tono caldo armonioso	test
unaopera arte ziggurart numerosi artisti internazionali scelto vivere ina umbriaa	test
citta sotto citta dive nasconde affascinante intricato complesso cavita create dallauomo secoli	test
santuario madonna assunta cielo xii secolo stile romanico campana risalente	test
antico castello medievale assedi miracoli religiosi opere arte contemporanea	test
splendido castello pupaggi comune sellano luogo incantato rimasto indietro tempo	test
esistono due tipologie prosciutto norcia primo chiamato tipico norcia viene stagionato massimo anno mentre secondo antico norcia viene stagionato ben due anni	test
preziosa unica piccole dimensioni sapore inconfondibile coltivata piani carsici castelluccio norcia circa quadrati terreno circa metri altitudine allainterno parco nazionale monti sibillini	test
