area boschivo oltre avere situare altitudine fra metro destinare comunito parco attrezzato	train
vicino stroncone borgo medievale arroccare colle ricoperto uliveto gelosamente protetto solido muro castellano celare vero proprio luogo sogno circa mille metro altitudine	train
gola nera natura cultura storia incontrare oltre duemila anno atmosfera unico essere degno prosecuzione valnerina dopo attraversamento conca ternano fiume nero	train
rocca trovare isola polvese insieme isola maggiore minore occupare bacino lago trasimeno	train
laisolare maggiore secondo grandezza lago trasimeno presentare ricoprire fitto vegetazione olivo leccio cipresso differenza dellaisolo polvese minore ancora oggi urbanizzato presentare infatti piccolo villaggio riva occidentale	train
raggiungere santuario miracolo bisognare recare castel rigone piccolo frazione passignare trasimeno	train
piediluco borgo medievale omonimo lago breve distanza terno cascata marmore	train
dire castello marchionale edificio storico forma medievale rinascimentale situare borgo monte	train
paciare piccolo borgo medievale adagiare collina lago trasimeno ricco patrimonio artistico	train
avigliare umbro piccolo borgo origine romano sorgere sommita colle meta distanza tode amelia	train
eggio borgo fortificato due passo via flaminia spoleto potere scoprire prezioso capolavore arte	train
roccere monaldo ergere isolare pressi magione contornare folta vegetazione molto probabilita essere eretta xiv secolo corso tempo suba alcuno cambiamento rendere pia conforme uso abitativo	train
convento agostino sorgere sommita colle coperto olivo poco sud colle corciano	train
museo merletto trovare palazzo opera pie interno piccolo villaggio posto riva occidentale isola maggiore	train
spalla spoleto sacro meditazione preghiera scegliere	train
centro paleontologia vegetale stato realizzare fine anno supportare attivito studio foresta fossile dunarobbao ricostruendone caratteristica geologico climatico faunistica attraverso reperto pannello esplicativo modello scala	train
affascinante borgo umbro circondare collina bosco verde vallare offrire visitatore bellissime sfumatura colore stagione anno	train
abbazia santi eutizio sorgere breve distanza preci	train
rocca passignano sorgere allainterno paese posizione leggermente sopraelevare rispetto allaabitare sviluppatosi successivamente lungo riva lago passignano significare aluogo passoa cia fare riferimento probabilmente allaesistenza struttura militare romano controllare famoso apassoa via collegamento nord sud penisola	train
museo nascere grazie passione alcuno cittadino locale pro loco iniziativa dovere ricerca raccolta oggetto legare lavoro campo attivire domestico artigianale	train
baldesco sorgere allainterno piccolo borgo paciano	train
ricchissimo percorso espositivo interattivo caratteristico borgo feliciano sponda lago trasimeno conoscere laorigine bacino sviluppo attivita ittico esso legare	train
nascere ospedale cavaliere gerosolimitano attuale cavaliere malta intitolare giovanni battista nucleo originario castello essere edificare meta secolo xii lontano dallaimportante avere viario perugia trasimeno	train
edificare pressi magione castello zocco dominare alto lago trasimeno secolo rappresenta pia possente insediamento militare zona disponere bene sette torro oggi rimanere cinque tre porta poderoso cinta murario	train
museo odierno sezione paciano sistema museo diffuso archidiocese perugia citta pieve nascere collaborazione soprintendenza bene storico artistico umbria volonto valorizzare conservare pezzo memoria passato comunita cosa gia ideare don	train
museo vetro piegaro allestire interno antico fabbrica vetro risalente primo ottocento porre centro storico paese	train
palazzo capitano popolo dire palazzo capitano contado trovare fine via fusaiola pressi piazza coragino corciare	train
palazzo priori mercanzia trovare lungo corso principale corciare corso rotello allineare palazzo pubblico documentare rilevanza politico economico castello medioevo	train
corgna certamente pia rilevante dimore signorile citta	train
casa romano esempio abitazione signorile primo eta imperiale stile affresco mosaico tipo muratura collocare casa romano secolo	train
complesso montone insediamento francescare risalente xiv secolo costituire gotico pinacoteca ospitare adiacente convento chiostro risalente xvi xvii secolo	train
palazzo capra chiamare palazzo nardo sorgere interno paese tuoro appena uscire centro abitare direzione sanguineto	train
piccolo crocetta sorgere strada condurre paese piegaro	train
scoperta pittoresco borgo medievale frazione massa martano storia archeologiare natura	train
esistere due tipologia prosciutto norcia primo chiamare tipico norcia venire stagionare massimo anno mentre secondo antico norcia venire stagionare bene due anno	train
collegiata michela arcangelo parrocchiale panicale	train
santuario carraia situare lungo strada congiungere localita panicarola carraia essere edificare secondo meta xvii secolo	train
tempietto clitunno piccolo sacello forma tempio trovare comune campello clitunnoo piede castello pissignano dominante spoletino	train
citta sotto citta nascondere affascinante intricato complesso cavita creare dallauomo secolo	train
ubicare interno abitato castiglione lago rocca leone dominare parte orientale protendere verso lago trasimeno	train
poco distante lago trasimeno trovare mugnare pittoresco borgo conoscere mondo muro dipinto	train
teatro caporale sorgere allainterno centro storico borgo panicale meritare essere visitare laeleganza struttura interno riccamente decorato spettacolo teatrale venire allestire	train
inaugurare museo avere sede cinquecentesca chieso agostino panicale	train
santuario mongiovino sorgere breve distanza panicale chilometro circa appena sotto laantico castello mongiovino	train
santuario grondico sorgere posizione panoramico molto suggestivo pressi frazione tavernello comune panicale	train
stella situare parte meridionale piccolo borgo paciano appena fuori porta rastrello	train
nuovo spazio dedicare arte contemporaneo creare collezionista massimo lauro esporre parte collezione personale	train
laimpianto strozzacappone costituire perfetto esempio necropolo organizzare secondo preciso disegno rito sepoltura dellaincinerazione normalmente utilizzare territorio perugare eta ellenistica corpo defunto venire bruciare cenere raccogliere allainterno ure travertino olla ceramica	train
parrocchiale assunta trovare vicino piazza principale corciare intitolare coragino fondatore citta secondo antico leggenda essere mitico compagno eroe greco ulisse	train
castello pieve vescovo cosa chiamare percha secolo proprieta mensa arcivescovile perugia sorgere verde colle dominare valle caina chilometro borgo corciano	train
the palazzo municipale corciare found corso cardinale luigi rotello	train
produzione artigianale manufatto lino puro telaio manuale fine secondo disegno originale medioevale rinascimentale	train
merletto orvietare tradizione innovazione arte antico impiego moderno	train
antico tipografia fondato utilizzare lavorazione antico macchinario impiegare passato tecnica tradizionale	train
punto condivisione tanto storia cammino	train
costruire intorno secolo torre orologio monteleone spoleto tre porta secondo cinta murario	train
museo scientifico interattivo comune provincia perugia punto riferimento esplorare launiverso cultura scientifico	train
collocare propaggine sud orientale dellaumbrio ramo sconfinare lazio lago piediluco rappresentare pia grande bacino lacustre naturale dellaumbrio dopo trasimeno	train
parrare immerso collina umbro apprezzata meto turistico presenza numeroso sorgente acqua utilizzare cura idropinico	train
vero proprio museo cielo aperto parco archeologia industriale campaccio marmore situare vicino belvedere superiore cascata marmore lungo sentiero nadeg	train
castello epoca tardo medievale xiv secolo presentare pia traccia fortificazione	train
piccolo nucleo medievale usigno sorgere scosceso sperone roccioso protendere sottostante valle tissino affacciare caratteristico borgo poggiodomo	train
trattare dellaunico stabilimento termale umbria alimentare acqua solfurea ricco calcio indipendentemente stagione mantenere temperatura costantemente adegc notevole caratteristica qualito terapeutico	train
introdotta umbria primo meta secolo patata essere diffondere macchia leopardo regione	train
fico girotto essere prodotto tipico citta farcire cioccolato frutta secco venire prodotre confezionare famiglia girotto essere oggi prodotto pasticceria molto diffuso	train
coltivare zona fino xvii secolo presidio slow food regione	train
rintracciabile unico tradizione citta norcia coglione mulo fondare proprio origine consumo insaccato carne mulo vicino abruzzo	train
prezioso unico piccolo dimensione sapore inconfondibile coltivare piano carsico castelluccio norcia circa chilometro quadrato terreno circa metro altitudine allainterno parco nazionale monte sibillino	train
laoro bianco dellaorvietare salvare dallaestinzione grazie allaimpegno coltivatore locale	train
piccolo legume tipico zona colfiorito orgoglio zona cascia presidio slow food	train
laorvieto doc vine umbro pia famoso rappresentare maggioranza dellaareo vitato regione	train
vastissimo area sepolcrale civilto umbro etrusco risalente sec lungo collina digradare verso tevere meraviglioso patrimonio archeologico riservare inaspettato sorpresa	train
gola bottaccione sito geologico scrigno arte	train
allestire sala vescovado museo memoria assisi raccontare storia trecento ebreo salvare grazie spirito accoglienza francescana assiso	train
caratteristico borgo preci sorgere distante norcia confine regione marco	train
parco valcasano trovare valnerina porta scheggino	train
spettacolare esempio architettura rinascimentale bramantesco essere dedicare seguito miracolo proprio riva torrente tatarena	train
pacifico oceano indiano mare rosso mediterraneo malakos circa mila esemplare catalogare rappresentare collezione privato conchiglia pia grande	train
villa essere costruire territorio comune allerona ricchissimo finanziere anversa edouard cahen	train
parrocchiale assunta sec trovare interno borgo	train
varieto farro molto antico primo traccia risalge allaeta bronzo avere ottenere denominazione origine protetto	train
scoperta scalo fluviale antico mevania	train
rivivere laappassionante storia dellaantico castello dominare unaaltura sinistra orvieto amelia	train
impossibile nominare sagrantino pensare subito territorio origine montefalco balcone umbria venire chiamare piccolo borgo godere magnifico vista vallo circostante	train
inaspettato viaggio sotterraneare scoperta radice citta lingua antico romano raccontare memoria sottosuolo	train
prezioso sepolcreto etrusco immerso bosco poco chilometro castel giorgio confine umbria	train
essere diverso localita umbria rivendicare esatto ubicazione tuttavia secondo serie verificho condurre angeletto studioso appassionato geografo perugia istituto geografico militare firenza centro geografico peninsulare essere posizionare lungo percorso acquedotto romano formina vicino ponte romano pia suggestivo citta narno ponte cardona	train
borgo cesello scheggino valnerina meta ideale appassionato torrentismo	train
gioiello naturale poco conoscere nascosto piega valnerina poco distanza preci salto venti metro sotto cielo dellaumbrio	train
fondazione archeologiare arboreo onlus avere scopo ricerca salvaguardia riproduzione albero frutto via estinzione	train
recente denominazione origine avere protagonista grechetto qui storicamente coltivare varieto conoscere tode	train
trebbiano spoletino quando vinificato purezza origine vino caratterizzare profume piuttosto fruttato fresco abbastanza alcolico spiccata acidito	train
grechetto malvasia ciliegiolo sangiovese essere vitigno pia coltivare zona pera nota storico produzione vin santo vino dolce sapore ancestrale	train
basilica angelo sorso mentre palazzo capitano trovare piazza principale assisi piazza comune	train
scoperta mondo fare storia natura incontaminato mozzafiato piccolo borgo	train
passegiata scoprire interessante architettura etrusco	train
domenico narno ubicato lungo via mazzino eretta xii secolo essere origine antico cattedrale citta dedicare maggiore	train
acquedotto romano dire formina esteso reticolo cunicolo corridoio realizzare secolo siro impero tiberio secolo avere assicurare approvvigionamento idrico citta narno territorio circostante	train
complesso abbaziale trovare pressi narno penode scoscese monte santo croce	train
sorgere insieme monastero annesso monaca benedettino ora sopprimere essere compiere testimoniare iscrizione leggere volta	train
chiamare mario impensole percho costruire pendio costruzione avere resto struttura pia antico datato secolo mantenere struttura portante	train
pavimento mosaico tessera bianco nero risalente secolo pia integro raffinato segno lasciare antico romani chiamarere citta mevania	train
museo avere sede trecentesco palazzo pietromarco marsciare principale centro dellaumbrio produzione laterizio citta interamente costruire mattone	train
costruire societa adella concordiaa sorgere scopo aoffrire diletto laeducazione dare trattenimente morale essere pubblico privatia progetto disegno dellaing nazareno biscarino	train
costruzione assunto risalire periodo precedente primo data avere notizia certo dellaedificio	train
storia caratteristica ceramica deruta petal back calligrafico colore tradizione decorativo	train
giovanni battista situare omonimo piazza centro marsciano	train
nuovo parrocchiale essere secondo opera cardinale giovambattista altiero	train
altiero antico sede vescovo celebre giardino trovare centro storico fratta todino	train
museo attiguo parco meritare visita particolarita raccolta soprattutto area sorgere	train
medioevo essere rispettivamente bertesca castello permettere defense muro comunis super suptus volere statuto annesso domus integrare unam domunculam pro stantia custodum incrementare armamento difensivo ogni vicario uscente dopo mese mandato lasciare comune unam balistam unam rotellam valore due fiorino oro	train
raro esempio architettura castellano medioevale risolvere unico soluzione problema viabilita difesa lungo perimetro interno cinta murario ponente aprire portam castro sotto torre merlato tuttora ingresso principale castello	train
pia antico fossato eretta origine fungere monastero camaldolese	train
trovare omonimo via appena fuori muro	train
chiesina piaggiola definire antico sede monte pieta unico ambiente duecentesco volta botta caratterizzare affresco bene conservare inizio dele eugubino ottaviare	train
ponte spiare trovare poco fuori sigillo unaopera costituire imponente macigno consentire laattraversamento torrente fonture allaantico via flaminia	train
citta scheggia ricco storia immersa parco monte cucco	train
simbolo legame storia territorio confine ricco torro castello	train
costruire ringraziamento miracoloso guarigione duchessa eleonora mendoza corgna	train
calamita cosmico opera arte contemporaneo gino dominicis ospitare centro italiano arte contemporaneo locale santo trinito	train
punto pia alto citta rocca maggiore assisi raggiungibile salere via porta perlico pressi cattedrale rufino percorrere circonvallazione esterno arrivare cima colle asio	train
piccolo gioiello fortificato completamente immergere natura circondare bosco elci querce castagno vero proprio terrazza naturale territorio circostante	train
museo ospitare interno ambiente palazzo podesta centro storico cittadino situare parte nord est umbria vicino confine marca	train
basilica cattedrale benedevere dominare piazza maggiore chiudendola visivamente lato orientale facciata	train
palazzo comunale sorse seguito distruzione antico palazzo rettore arte priori causare sisma	train
contesto montagnadatazione secololaantico badia raggiungibile strada sviluppare pendico monte catria partire scheggia muovere direzione sassoferrato sorgere confluenza fiume sentare rio freddo trae nome congiuntolo congiunzione	train
essere costruire intorno meta secolo ampliare inizio	train
santaagostino localizzato allainterno borgo sigillo venire edificare dallaarchitetto svizzero giacomo cantone fondamento dellaantica caterina oggi rimanere solo cripta medievale restaurato dallaamministrazione comunale adibire centro culturale	train
sorgere sullaantico via flaminia chiamare ora cimitero essere edificare elemosina popolo meta	train
fare parte abbazia benedettino vado fabrice alcuno studioso indicare luogo trova ospitalita dopo avere abbandonare citta durante tragitto gubbio	train
sorgere xiv secolo interno castello valfabbrica ridosso muro perimetrale	train
trovare parte pia moderno paese presso parco pubblico	train
santuario assungere cielo xii secolo stile romanico campana risalente	train
nuovo attrazione turistico esaltare bellezza dellaareo belvedere superiore attraverso lautilizzo tecnologia avanguardia	train
piccolo centro etrusco sinistra tevere controllare vicino potente perusia perugia dota possente cinta murario racchiudere abitato organizzare stesso sommita colle occupare borgo medievale oggi attuale centro bettona	train
estendere sommita pianoro poco centinaio metro nord est borgo collemancio comprendere territorio comunale cannaro	train
area etrusco sud est capoluogo umbro sorgere villa boccaglione essere commissionare famiglia penna secondo alcuno studioso architetto piermarinare secolo	train
museo ricamo tessile trovare valtopina piano terra palazzo comunale residenza signorile primo anno secolo	train
santuario amore misericordioso trovare collevalenza poco chilometro tode	train
tempio fortunare tode sorgere piazza umberto cima bello scalinata sopra resto complesso anteriore anno mille	train
pieta trovare periferia settentrionale umbertido presso neoclassico ospedale civile	train
reggia sorgere umbertida piazza mazzino oltre ponte torrente	train
bernardino trovare destra chiostro piazza centro storico umbertido	train
piazza comune quasi esattamente circolare sorgere palazzo comunale anticamente chiamare palazzo popolo	train
nicola sorgere allainterno montecastrillo parrocchiale paese	train
eremo montecorona trovare poco distante citta umbertida contesto isolato	train
pittoresco borgo preggio trovare vicino confine territorio passignare trasimeno	train
centro storico umbertido	train
fitto vegetazione sacro ricoprire monteluco slm collina spettacolare ponte unire citta spoleto	train
museo trovare interno rocca parte alto centro storico spoleto	train
visita giovanni battista eggio ammirare affresco giovanno pietro dire spagna	train
ala trovare via sant ala slargo aprire lungo via febbraio terno	train
oratorio trovare morra distante poco chilometro citta castello	train
abbazia benedettino sorgere colle dominante valle torrente nestore circa chilometro sud citta castello	train
santuario venerare antichissimo immagine trovare circa cinque chilometro citta castello lungo apecchiese valicare appennino giungere fino mare adriatico	train
consacrare suba corso secolo notevole modifica ampliamente	train
primo dedicare cascia santo assisi essere fondare ventuno anno dopo morte	train
convento fondare secondo tradizione stesso divenire xvii sec importante centro studio teologico storico erudito	train
arco etrusco perugia monumentale ingresso citta tornare splendore dopo restauro brunello cucinello	train
palazzo popolo medioevo sede podesta oggi ospitare museo civico pinacoteca tode	train
bello posizione panoramico centro fabro trovare martino intitolare santo patrono cavaliere viaggiatore	train
citto castello territorio ricco evento luogo arte storia artigianato importante tradizione	train
immergere verde posizione dominante vallata speco narno luogo francescare pia antico valnerina	train
essere centro vita primo nucleo castello monteleone orvieto davanti lato avere portico testimonianza restare ancora leggibile muro lato nord accanto sorgere cimitero	train
castello fabro parte territorio comunale fabro posizionare panoramico colle est torrente chiano	train
situare punto strategicamente importante due citta perugia gubbio monastero benedettino valdiponte corbiniano dire montelabare inziare storia intorno secolo	train
santuario eremo francescare trovare monteluco metro altitudine pressi antico sacro alcuno grotta naturale frequentare eremito gia eta paleocristiana	train
gubbio primo dedicare santo assiso	train
terno santuario francescare affresco tommaso	train
salvatore trovare usigno comune poggiodomo essere commissionare cardinale fausto pole segretario privato papa urbano originario piccolo borgo umbro	train
collegiato santo croce situare piazza mazzino venire costruire unitamente convento ordine frato minore convento ospita qualche tempo beato corrado offida famoso predicatore francescano morare bastia mentre stare annunciare avvento frato minore lasciare santo croce clero regolare volonto pontificia chiudere piccolo convento	train
importante ritrovamento tesoro canoscio oggi visitabile presso locale museo duomo	train
costruire primo meta iadeg secolo rimanere solo qualche muro cavea sfruttare ricavare alcuno abitazione medievale conservare forma tipico ellittico originario	train
edificio pubblico essere costruire angelo orvieto qualche anno dopo comune sembrare incarico tarlato pietramala essere ultimare	train
vitello ospitare interno pinacoteca comunale riapergere pubblico trovare centro citta castello prossimo muro urbico via cannoniera	train
the palazzo prioro found the charming location piazza comune the political and cultural assiso	train
visita duomo citta castello dedicare compatrone citta florido amanzio	train
museo avere sede palazzo albizzino centro storico citta castello palazzo secolo avere sobrio architettura rinascimentale ascendenza fiorentino	train
importante museo arte contemporaneo circa interamente dedicare opera alberto burro	train
prato affiancare sinistra laoratorio bernardino trovare perugia piazza termine via priori	train
basilica chiaro assisi racchiudere tomba crocifisso parla	train
palazzo capitano popolo trovare piazza comune sinistra sopra minerva	train
basilica angelo venire costruire struttura inglobo convento francescano cappella porziuncola santo assisi fonda ordine francescano	train
convento trovare poco distare centro storico assisi	train
santuario spogliazione trovare maggiore accanto vescovado antico cattedrale assisi venire battezzare	train
contesto urbano datazione secolo nicola nicola patrono citta sorgere pieno centro storico presso scheggino	train
parrocchiale michele arcangelo bastia umbrare sita centro cittadino piazza mazzino	train
fontana costruire sopra pozzo medievale essere inaugurare agosto servire rifornire acqua centro storico citta	train
palazzo consolo essere costruire secondo meta secolo forse stesso maestro prode dovere palazzo comunale spello	train
silvestro testimonianza architettura religioso stile romanico umbro	train
complesso fideliare costanzi ubicare base collina lungo strada centrale umbrare territorio spello costruire xvi secolo famiglia urbano resto santuario appartenere insieme sacrale epoca classico secolo passare secolo donna tereso pamphile trasformare completamente	train
francesco trovare omonimo piazza foligno	train
essere primo cattedrale citta poi collegiato abolitare federico essere ripristinare solamente volonta vedere	train
centro lungo corso matteotto trovare municipio giare edificare tardo settecento architetto vico volere famiglia presentare facciata neoclassico porta arricchire elegante rosta ferro battuto	train
carmine trovare borgo montefranco centro fortificato immergere olivo bosco quercia ricco tesore artistico architettonico	train
edificio risultato opera prolungamento verso est innalzamento primitivo palazzo comunale duecentesco costruire pietra calcarea bianco rosa	train
opened the public since the museum the monastery the ursulines since the first the eighteenth century	train
interno antico sede confraternita catino absidale collocare presepe monumentale terracotta policroma comporre pia trenta statua realizzare fratello abruzzese raffaela montereale	train
maestro rinaldo iacovetti calvo was entrusted byl the community calvo withre the building the church which was initially dedicated grazie	train
convento berardo sorgere circa metro muro calvo crinale collinare dividere vallo otricole magliano sabinare incrocio vecchio strada narno	train
assunto essere matrice pia importante paese situare pressi porta ternano lungo via sabina oggi via tempo principale via comunicazione attraversare centro abitato calvo	train
costruire antico oratorio benedettino bernardino trovare poco lontano centro abitato montefranco	train
gregorio trovare lungo strada unire castel ritaldo colle marchese facciata restaurare dopo terremoto costituire alternanza strato orizzontale pietra bianco rosso aprire portale rincasso	train
databile xvii secolo trovare centro paese piazza giorgio rovere	train
croce oggi santuario stella sorgere valle noce isolare contesto agricolo poco distante borgo cerreto spoleto	train
antico citta citerno borgo pia bello	train
citerno ubicato lungo corso garibaldo essere edificare insieme annesso convento francescare elisabetta ora sede citerno secondo meta secolo fondamento costruzione preesistente visibile parte basso facciata	train
michela arcangelo trovare centro storico citerno dedicare santo patrono piccolo borgo	train
assungere esempio edificio sacro romanico impianto architettonico poco comune regione navata unico absidare transetto sporgente tiburio cupola incrocio nucleo principale annimere navatella addossare parete destro	train
monastero annesso ospitare oggi sede cedrav centro documentazione antropologico valnerina facciata corrispondere parete sinistra navata ornare portale archiacuto	train
centro citerna poco dopo palazzetto vitelli piccolo arco immetto percorso suggestivo camminamento medievale correre lungo perimetro muro apertura arco perfettamente conservare dare vita serie loggiato offrire spettacolo veramente suggestivo	train
grande opera globale sempre aperto mai finire elemento passato sovrapponge presente futuro	train
conoscere origine alcuno documento autentico conservare archivio comunita monastero desunto tempo clemente dieci monaca agostiniano riunire professare regola chiaro norcia propagare laordine	train
complesso monumentale monteleone spoleto forse laoperare pia significativo suggestivo complessita storia sviluppo arte fede libro storia santo simbologia leggere cura	train
borgo castelfiore comune montegabbione trovare immergere verde circondare bosco	train
maria assunta cielo laattuale parrocchiale montegabbione	train
grazie sorgere piede colle montegabbione titolo chiesetta tipicamente rinascimentale tradire chiaramente carattere tempio votivo linea architettonico esterno forma croce latino cupola cilindrico essere considerare rinascimentale mentre allainterno altare maggiore stucco essere derivazione barocco	train
castello attigliano sorgere posizione pittoresco panoramico margine terrazza dominante toponimo secondo tradizione popolare derivere numeroso tiglio crescevare vicinanza latino	train
moderno concezione risalente fregiare vetrata artistico concretizzare attraverso uso mosaico snella imponente struttura moderno presentare facciata grande vetrata multicolore dalles illustrare verita fede grande mosaico raffigurare lorenzo distribuire ricchezza povero	train
porre principale piazza antico borgo attigliare fontana delfino tritone rimanere simbolo principale luogo insieme castello venire realizzare avere duplice funzione arredo urbano approvigionamento idrico essere garantire due fonte pubblico	train
patrona citta risalire xii secolo pua notare absido	train
sacramento essere costruire contrada piazza vecchio societa santissimo sacramento	train
giglio situare fronte porta vecchio passato consentivo accesso paese risalire interno essere visibile numeroso affresco alcuno bene conservato	train
porre fuori muro acquasparta essere fare costruire cardinale matteo bentivengo acquasparta	train
scheggino castello pendio forma triangolare coronare vertice cassero roccia	train
giovanni battista costruzione gotico sec xiv avere torre quadrare caratterizzare abside poligonale	train
conoscere madonna croce trovare uscita paese sellano	train
visitare assunta arrone parco fluviale nera lungo via	train
storia caratteristica ceramica ginestra successo tecnica lustro	train
posizione dominante valle risacco valle rasina rispettivamente affluente chiascio torrente provenire casacastaldere abitato originare castello fondato secolo longobardo discendente totila ernero castaldo nome casa castaldo	train
antiquarium basco custodire reperto archeologico fornace romano sec rinvenere localita scoppieto itinerario visita interno museo organizzare sezione pannello illustrato spiegare fase lavorazione argilla cartina geografico punto luminoso individuare localita modelline fornace nave trasporto servire creare ambiente stimolante ricco spunto attivito didattico	train
chilometro baschio incastrare mezzo roccia fitto vegetazione gola forello venire segnalare centro escursionistico pasquarella andare verso tode	train
museo unico mondo raccogliere migliaio uovo dipinto scolpito opera frutto mostra concorso nazionale ovo pinto nascere civitella lago geniale intuizione bernardino anacleto presidente associazione culturale giovanile	train
santissima trinire sorgere interno avigliare umbro parrocchiale paese venire edificare xvii secolo parte integrante castello famiglia vico leggere documento essere vescovo tode rodolfo consacra altare maggiore	train
poco fuori borgo toscolano comune avigliano umbro trovare annunziata navata unico inglobare interno parete fondo edicola votivo decorare affresco attribuire pittore rinascimentale umbro piermatteo amelia	train
nicola trovare localita valle rosa frazione crocicchia comune lisciare niccone	train
cattedrale dedicare santo mariare essere edificare piede monte ingino romanico potere notare resto lato destro facciata risalire sec xiv	train
nuovo trovare centro storico gubbio interno quartiere incrocio via savello porta via	train
palazzo console bene visibile lontano trovare centro storico gubbio	train
antiquarium allestire interno casale inglobare resto casa romano domus pregevolo decorazione mosaico utilizzare partire eta augustea	train
originario sede mercato medievale piazza ora attrezzare parte parcheggio parte giardino	train
abbazia vallingegno sorgere cima collina poco chilometro gubbio immerso bello natura campagna umbra	train
costruire sommita ripido monte ingino piede estendere citta edificio custodire urna bronzo contenere corpo santo patrono ubaldo	train
storia caratteristica ceramica gubbio lustro mastro giorgio grande maestro	train
infraportas affacciare lato occidentale piazza domenico centro storico foligno	train
museo situare colfiorito piccolo localita montagna comune foligno posta lungo importante snodo viario collegare gia antico sabina costa adriatica	train
sorgere circa chilometro sud foligno direzione eraclio area vasto necropolo pertinente citta romano fulginia	train
complesso secolo xiv oggi sede dellaauditorium biblioteca comunale dellaarchivio storico	train
laarea archeologico ocriculum rappresentare dimensione ettaro stato conservazione caratteristica monumento ricchezza materiale rinvenere durante scavo centro pia importante solo dellaumbrio dellaitaliare	train
palazzo priori collocare angolo piazza novembre corso vannuccio perugia	train
rocca paolino fortezza papale xvi sec trovare interno centro storico perugia possibile visitare sotterrano etrusco porta marzia piazza piazza partigiano	train
fondazione raniere sorbello trovare palazzo sorbello piazza piccinino pieno centro storico perugia due passo palazzo priori cattedrale lorenzo pozzo etrusco severo	train
zona marco perugia sotto vecchio ciminiera storico fornace trovare ampio locale ospitare museo giocattolo circa spazio possibile ammirare collezione constare circa giocattolo epoca giorno	train
situare cuore paese edificio risalente fine secolo inizio successivo costituire vano rettangolare coperto crocieraa grande cappella sinistra origine dovere rappresentare nucleo primitivo	train
museo situare allainterno palazzo priorale otricole collegare percorso didattico ideale attraverso reperto pannello illustrativo tre identire storico otricole centro preromano laantico citto romano ocriculum laattuale centro storico medievale ricco materiale antico riutilizzare tessuto urbano	train
parrocchiale otricole dedicare assunto ubicato punto pia alto paese piazza principale considerare edificio xii secolo fino anno rinvenimento nicchia affresco sec realta importante esempio dellaarchitettura preromanico vii secolo	train
ricordare cappella salvatoris atto notarile pianta rettangolare campaniletto vela sopra facciata	train
estensione abitato romano carsulae essere segnare nord porta urbico noto arco	train
contesto urbano datazione secolo trovare gemino piazza ubicato ridosso castello altomedievale allainterno cerchia murario tardoduecentere	train
costruzione essere volere nellaanno vescovo volusiare ricostruire stile comanico sec accolgere reliquie gemine avere altro successivo rifacimento fino attuale forma ottocentesco	train
ubicato fuori porta romano prossimita muro gemino localita dire fico nero	train
tempio epoca etrusco situare estremita settentrionale citta disporre spianata panoramico	train
piazza benedetto fulcro regolare impianto urbano giare alto medioevo spazio sapientemente articolare funzione edificio monumentale delimitare stratificazione funzione stile epoca gotico trecentesco rinnovamento ottocentesco	train
michela arcangelo polino monumento attorno snodare nucleo urbano centrale citta	train
basilica benedetto prospiciente piazza omonimo fulcro centro storico citta norcia	train
oratorio bernardino rappresentare massimo esempio arte rinascimentale perugia	train
geolab spazio espositivo permanente dedicare divulgazione scienza terra	train
palazzo priori edificio ricco elemento stupendio rendere monumento pia bello architettura civico	train
poco chilometro sud guardea poco distante statale amerinare circondare querce grande masso ergere resto convento illuminato	train
colle situato proprio spalla paese guardea luogo pia panoramico dellaamerare stagliare rudere dellaantico castello guardea vecchio	train
avere inizio rifacimento niccola primo risalivo xii sec progettisto ippolito scalzo urbevetanus definire stesso firma apposta gruppo marmoreo pieta trovare duomo orvieto seguire personalmente lavoro circa anno soltanto ultimo periodo essere sostituire antonio carrarino durante costruzione campanile	train
simbolo fulcro comunita terra lugnano	train
costruire stesso luogo santo avere predicare compiere miracolo	train
costruzione romano via flaminia risalere secondo meta secolo avere inizialmente funzione tipo militare impiantare arteria rapido collegamento fra mare adriatico presenza infrastruttura condiziona pesantemente evoluzione popolazione limitrofe portare apertura culturale economico sociale	train
ricordare gia ratio decimarum secolo registro decima venire riscosse ente ecclesiastico parrocchiale biagio porano avere assumere oggi aspetto molto differente originale intervento struttura essere essere numeroso	train
estendere localita groggere traiano piccolo frazione faustare comune massa martano breve distanza tracciato antico via flaminia ponte fonnaia	train
storia edificio legare indissolubilmente famiglia bufalini vantare personaggio affermatidere ambito ecclesiastico letterario giuridico	train
repubblica cospaia essere piccolo territorio indipendente febbraio giugno attualmente frazione giustino	train
palazzo municipio origine medievale stato rimaneggiare pia volta corso secolo essere ulteriormente rinnovare recente	train
raccogliere materiale pia antico recente ritrovamento costituire assieme museo fondazione fainare sintesi conoscenza archeologico orvieto	train
costruire fortificazione colle orvietano perugino contendere capitano ventura oggi castello montegiove elegante residenza aperto pubblico visitabile anno	train
castrumare costruire attorno anno mille orvietanio vigilare guado chiano punto eta romano essere essere eretto argina praticabile muro grossoa venire trasformare possente castello bastione angolare xvi secolo interno affresco xvi xvii secolo	train
romanico pantano sorgere fondamente romani area archeologico vicus martis	train
isolare pressi faustino frazione massa martano abbazia essere costruire sopra insediamento epoca romano evincere alcuno rudere ancora presente vicino edificio religioso	train
piazza principale massa martano conservare ancora caratteristica centro fortificato trovare san felice dedicare patrono leggenda volere vescovo martire dellaantico civitas martana	train
museo trovare centro storico polino allainterno rocca	train
poggio otricole situare altura livello mare sotto monte piccolo delizioso paese dellaumbrio meridionale affacciare valle allaalto sabina	train
parrocchiale costruire sostituzione padovo attualmente scomparso trovare interno muro castellano	train
santo filippo sorgere piazza vittorio emanuelo piazza principale monte castello vibio	train
marzia trovare inserire arco cieco muratura rocca paolino maestoso opera architettonico cinquecentere esteso vasto quartiere colle landone rilievo meridionale sorgere perugia	train
area archeologico estendere pianura fuori muro medievale occidentale gubbio	train
giovanni battista vallo nera essere edificare corso xiv secolo riguardare parte absidiale ampliare parzialmente ricostruire xvi secolo data incisa angolo sinistro facciata	train
parrocchiale pietralunga innalzare maestoso piazza fioruccio	train
storia caratteristica ceramica orvieto bucchero etrusco galletto orvietano	train
poco fuori porta nord monteleone orvieto lungo umbro casentinese trovare crocefisso	train
rocco trovare fuori vallo nero lungo strada condurre casale venire eretta sec	train
ubicato vicinanza antico rocca tanto confendere esso facciata incompiuto laabsidere simile fortilizio scorgere lontano cosa campanile profilare elevare sfondo	train
situare fianco nord est dellaalta pietralungare occupare parte terminale crinale collinare ridosso dellaappennino umbro marchigiano	train
qui potere ammirare resto porta accesso antico maniero costruire epoca longobardo	train
abbazia trovare lungo strada provinciale pietralunere porgere reggio collina lontano centro abitato	train
edificio anticamente chiamare palazzo priori molto probabilmente secolo secolo successivo avere subito vario rimaneggiamente modifica avere alterare linea originario	train
assunto custodire interno muro cittadine essere costruire presentare facciata armonico custodito fra due campanile	train
centro storico giove classico esempio impianto medioevale fitto serie vicolo intrecciare interno perimetro delimitare muro medievale caratterizzare sovrapporso arco scala contrafforto	train
cappella sane rocco sorgere via amerinare giove condurre amelia essere edificare intorno xvi secolo offrire santo invocare pestilenza	train
rocca aries pressi montone avere origine molto antico essere eretta famiglia fortebraccio resto antico fortilizio difesa primitivo popolazione	train
stroncone borgo medievale sommita ameno colle olivato breve distanza terno	train
torre trovare centro orvieto lungo corso cittadino	train
teatro rustico sorge allainterno monteleone orvieto piccolo borgo storico situare allaestremo nord provincia terno	train
piazza pietro bilancino monteleone orvieto quasi fondale palcoscenico elevare torre dellaorologio essere costruire fine disegno dellaarchitetto monteleonesa filidio lemma laterizio fabbricato locale fornaca dare costruzione tono caldo armonioso	train
situare piazza duomo orvieto destra cattedrale immediato prossimita soliare pia vasto imponente residenza pontificie orvietano	train
necropolo estesa lungo versante settentrionale rupe tufacea sorgere orvieto etrusco velzna	train
complesso conventuale giuliana trovare rione porta eburneo parte terminale giardino piazza partigiano perugia	train
gallerre stuart trovare perugia piazza fortebraccio vicino imponente arco etrusco	train
raggiungere filippo percorrere suggestiva via portico xvii secolo parte alto nocera umbra	train
quattrocentesca francesco affacciare piazza caprero parte alto dellaantico abitare nocera umbra sede pinacoteca museo civico	train
the museo claudio faino and the museo civico archeologico are inside faina located piazza duomo orvieto	train
risalire secondo meta secolo	train
parte pia antico caterina vallo nero appartenere sec xiv principio sec campanile vela parete fondo ingresso monastero	train
situare caratteristico piazza avere origine altomedioevale quando essere ancora piccolo pieve campagna intorno sorgere nucleo abitato successivamente fortificato	train
incantevole piazza fortebraccio riprendere nome capitano ventura fortebraccio dire appunto braccio montone essere signore castello partire secolo	train
laoratorio giovanno decollare situare sinistra porta ingresso dellaantico castello stroncone autentico gioiello daarte architettura	train
piccolo monumento pietra trovare vicolo tempietto angolo centrale via umberto	train
trattare luogo conversione ascolta voce crocefisso dire parola andare riparare casa chiaro vivere anno morare	train
rivotorto sorgere poco chilometro angelo essere eretta forma rimando neo gotico dopo terremoto posto edificio precedente costruire proteggere tugurio francescare custodire interno	train
poco distante citta perugia localita ferro cavallo trovare interno casa medievale cavaliere malto	train
necropoli oggi situare area archeologico attrezzare percorso visita antiquarium accogliere alcuno reperto mostra tematico aspetto vita quotidiano sociale etrusco	train
anfiteatro sorgere area antico citta carsulae presso gemino vasto pianoro circa livello mare fronte antico teatro	train
contesto isolato contesto agricolodatazione secoloattuale uso attivire ricettivaproprieta privato	train
ponte fonnaia costruire romani poderoso costruzione viario solo arcata sesto obliqua rispetto direttrice ponte costruire grosso blocco travertino perfettamente squadrato dotare bugnatura	train
contesto ruraledatazione xvii secolosituare pendico colle innalzare sopra dellaalta palazzo magherino graziano godere bellissimo vista panoramico	train
perugiare accogliere sotterraneo palazzo seicentesco sorbello pia monumentale opera ingegneria architettura idraulico etrusco splendido esempio maestria costruttore etrure pozzo realizzare secondo meta ubicare piede monte porta sole punto pia elevato citta corrispondere antico acropolo citta	train
altitudine contesto montagna centro piccolocastel felice localire comune santaanatolia narco piccolo borgo fortificato situare sponda destro fiume nero attraversare antico percorso parte ancora praticabile collegavare diverso castello esistere valle principale centro spoleto	train
complesso ingresso via cava snodare sotto quartiere pia antico orvieto	train
romano pia centrale maestoso quattro porta permettere accesso centro storico pia moderno quattro aspetto attuale risalire infatti sec xvi quando essere modificare costruire travertino	train
cisterna essere situare sotto attuale piazza matteotto corrispondere piazza pubblico eta romano forum estremita settentrionale abitato amelia	train
citta amelia difesa nord sperone roccioso quasi intero inanellare possente antichissime muro poligonale secolo	train
sepolcro situare localita molinella presso castel rubello comune porano scavare tufo piccolo collina boscoso lambitare base torrente montacchione	train
edificio curiosamente tagliare due galleria omonimo avere pianta rattangolare articolare tre piano	train
cima collina quasi dirimpetto guardea vecchio situare castello poggiorimasto inalterato pia mille anno	train
trovare confine territorio perugare toscano comune lisciare niccone collina circa chilometro statale valle niccone essere costruire prima anno appartenna marchese monte	train
avere origine molto antico essere costruire infatti cima collina sovrastare paese est intorno secolo opera marchese monte possedevare porre sotto protezione perugia seguire sorte	train
sito esteso localita scoppieto comune basco occupare pianoro dominante zona ricco giacimento argilla acqua terra fertile	train
edificio vicino assetto ottocentesco prospetto cinquecentesco interno traccia affresco xvi sec	train
centro orvieto vicino giardino comprendere resto etrusco trovare pozzo patrizio secondo attrazione cittadino dopo duomo	train
valfabbrico escursione naturalistico palio arte cultura sentiero francescano pace via	train
terno citta valentino cascata marmore offrire inaspettato testimonianza ogni epoca	train
ferentillo viaggio arte cultura sport avventura	train
gubbio vivo festa cero perderto albero alto mondo gustare tipico crescia	train
trevi piccolo borgo medievale arroccare colle olivato parte centro orientale umbria foligno spoleto	train
arrone borgo immerso ambiente naturale incontaminato valnerina parco fluviale nera	train
basilica salvatore interessantissimo edificio paleocristiano eretto fine secolo inizio vedere	train
tuffo amore cortese	train
risalire circa inizio trecento passa minore conventuale fianco venire costruire convento avere notizia fino	train
gioiello monteleone etruscaa antico carro parata legno noce completamente rivestire lamine bronzo dorato decorare sbalzo applicazione placca avorio	train
castello pissignano pianta triangolare dovere nome temine latino pissinianum cioa luogo piscina essere porre pressi tempietto clitunnoo accanto famoso fonte clitunno	train
luogo isolato porre monte citerone giare tempo esistere romitorio costituire alcuno grotta naturale	train
duomo todo intitolare annunziata essere iniziare xii secolo continuare completare solo xiv secolo	train
museo archeologico nazionale spoleto conserva reperto testimonianza ricco storia citta territorio particolare riguardo valnerina spoleto avere avere rapporto culturale strettissimo	train
raccolta ospitare collegio boccarino origine convento francescano xiv secolo dotare chiostro doppio loggiato realizzare xvi secolo	train
edificio religioso pia importante amelia essere eretto sacrum verticem citta anno vasto incendio distrure cattedrale venire ricostruire forma barocco	train
sire suggestiva piazza marcone notevole esempio edificio nobiliare costruire stile rinascimentale edificio rimanere incompleto essere fare costruire fantino petrigane conquista posizione curia papale sotto protezione papa gregorio	train
edificio mostrare diverso fase costruttivo infatti essere iniziare xiv secolo accorpare tre edificio essere ultimare secolo successivo	train
presepe trovare piazza valentino vicino parrocchiale ingresso stato realizzare magnifico portone essere visibile mago nativita	train
santuario rita trovare parte pia alto nucleo abitativo cascia inserire contesto urbano rompere ogni modulo dimensionale stilistico	train
porta angelo risalire secolo sopra volta ingresso trovare due fenditura ospitavare allora meccanismo manovra ponte levatoio sostituire poi ponte muratura	train
bello vecchio trovare subito fuori muro ficulle essere laantico parrocchiale fino fine cinquecento	train
laoratorio leonessa eretto otricole elemento qualificante dellaarchitettura settecentesco centro storico otricole	train
attuale sede comune palazzo priori pretorio podesta occupare lato orientale piazza signoria trovare fronte conosciuto palazzo console	train
stare cronaca frare amelia fonda dedicare inizialmente santo filippo lavoro essere condurre maestranza umbre menuccio amelia giovanno nicola castel aquila	train
unico navato ampio luminoso due nicchione due cappella soffitto alto travatura capriata dedicare patrona marina monaco	train
eremo stella trovare valle noce presso roccatamburo meta strada poggiodomo cerreto	train
pia alto esempio scultura duecentesco opera nicola pisare figlio giovanni	train
museo scoprire importante opera arte segreto civilto ulivo	train
abbadesso trovare fuori nucleo abitato bastia umbrare oggi annesso cimitero comunale costruire situare pressi confluenza torrente tescio fiume chiascio	train
visita gotico ricordare passaggio piediluco	train
laodierno santuario rimedio essere laantico pieve extraurbano situare circa chilometro sud centro storico pietralunga	train
situare nellaomonimo piazza margine centro storico assisi laabbazia tappa perdere durante visita questaarea territorio umbro origine benedettino particolare facciata bellezza interno atmosfera spirituale fare tesoro assoluto	train
presso umbertido posizione panoramico valle assino collocare castello civitella raniere prendere nome cittadella umberto figlio raniero fratello duca guglielmo monferrato fare costruire luogo	train
esempio architettura civile medievale capitano oggi sede museo civico pinacoteca tode	train
edificare inizio secolo presentare facciata pietra molto semplice rivelare origine romanico	train
caratterizzare due arco porta amerinare conoscere torre belvedere	train
croce trovare umbertido piazza fianco bernardino sullaarea sorgere esistere gia secolo piccolo dedicare santo dovere fungere oratorio confraternita disciplinato	train
pressi borgo pascelupo trovare splendido eremo dedicare girolamo appartenere congregazione eremito camaldolese monte corona	train
bevignato trovare porta perugia via pozzo fronte cimitero monumentale	train
feudo proprieta nobile famiglia cese acquisire centro risiedere lazio spiccare residenza acquasparta sicuramente pia illustre importante	train
rocca albornoziana ergere imponente narno gola nero circondare rigoglioso vegetazione	train
museo citta territorio collocare centro storico narno spalla palazzo comunale	train
cattedrale lorenzo trovare centro storico perugia piazza novembre definire lato settentrionale	train
cannaro area limitrofare assisi storicamente vocare coltivazione cipolle luogo ancora oggi resistere uso costume strettamente legare particolare prodotto	train
centro storico spoleto laantico monumento origine duecentesco dominare citta austera primitivo bellezza	train
michela arcangelo trovare lungo attuale corso vittorio emanuelo antico decumanus vicus castrum centro collazzone	train
collegiata trovare cascia entro perimetro murato accanto porta leoninare	train
abbazia benedettino lorenzo sorgere altura chiamare giovanni poco distanza paese omonimo	train
parrocchiale lorenzo trovare centro collazzone davanti piazza principale intitolare umberto recentemente pavimentare cotto	train
sopra minerva rendere contribuire ancora pia suggestivo splendido scenario piazza comune interno centro storico assisi adibita culto volere papa essere realizzare interno antico tempio romano	train
viaggio abbazia benedettino valle scrigno arte storia	train
vitello cannoniera palazzo famiglia vitello fare costruire citta castello	train
palazzo priori comune solenne elegante architetturo palazzo pubblico pia importante	train
abbazia bovara trevo pissignare amare raccogliere preghiera	train
francesco trovare piazza umbertido vicino bernardino avere facciare concio ornare portale trilobo epoca trecentesco sopra ampio oculo	train
trevi piccolo borgo medievale famoso antichissimo tradizione oleario	train
agostino pia antico cattaneo	train
romanico pia antico cattaneo pagare decima gia duecento	train
forno legna piccolo borgo medievale comune cattaneo cuocere solo porchetta stesso momento preparare altro piatto tipico secondo ricetta tramandato generazione generazione	train
nucleo urbano medievale cittadina ergere antico rocca flea cima colle dominare intero abitato chiamare vicinanza fiume flebeo esempio pia significativo architettura militare difensivo umbrare	train
rocca sicuramente monumento pia importante cattaneo	train
santaanatolia narco molto pia museo luogo incontro scambio pratica trasmissione competenza legare ciclo lavorazione canapa unaattenzione sostenibilita design	train
oasi pia grande wwf luogo bellezza romantico simbolo qualito ambientale biodiversita	train
centro foligno orfino ospitare museo stampa essere stampare primo copia divino commedia	train
foligno sala palazzo candiotto esposizione multimediale fare vivere laesperienza sfida antico gara avvincente spettacolo competizione	train
vitigno autoctere avere ottenere riconoscimento vernaccia cannaro doc	train
primo testimonianza biagio risalire documento monace benedetto subasio includere possedimento	train
piano castelluccio essere altopiano carsico alluvionale appennino umbro marchigiano	train
edificare partire venire insignire titolo cattedrale essere ricostruire disegno giovanno gubbio innocenzo consacra facciata vero proprio capolavoro scultura romanico dividere orizzontalmente tre zona	train
museo avere sede convento domenico situare lungo corso cavour poco fuori muro etrusco perugia	train
mille ettaro zona umido parco regionale lago trasimeno lungo rotta migratorio nord allaafrico sud sahariano	train
dolcemente adagiato pendico monte subasio patrimonio mondiale umanita assisi accogliere secolo fedele provenire mondo	train
citta assisi essere dichiarare patrimonio umanita	train
laarte contemporaneo trevo avere acentroa prestigioso edificio quattrocentesco cuore borgo quando storia avanguardia fondere	train
santuario rinascimentale pia importante	train
santuario cosa chiamare altura sorgere colle bagno venire edificare luogo miracoloso avvenimento poco distante centro deruta	train
ornamente libero fantastico mascherone putto alato canefore creatura marino antologia faunistica immaginario trofeo daarmi componge variegata ricercare decorazione maiolica deruta	train
principale luogo culto cattolico deruta consacrazione risalire dopo essere essere ricostruire seguito violento terremoto	train
vicolo baciadonere vicolo innamorato pia stretto	train
piscina naturale interamente scavare roccia acqua perennemente limpide	train
collegiata assunto risalire stile aspetto attuale secondo meta	train
fortezza razza guardia territorio umbro confine lazio chilometro castel giorgio	train
conoscere fondo laanimo perugia consiglire visitare dedicare santo tradizionalmente riconoscere primo vescovo citta patrono insieme santo compatrone lorenzo ercolano meno ricordato ludovico tolosa perugino celebrano grande devozione gennaio	train
beverly pepper park tode rappresentare ila primo parco monotematico scultura contemporaneo umbriaa primo dellaartista americanaa mondo	train
cattedrale feliciano patrono foligno importante esempio romanico umbro interno neoclassico	train
terra frontiera	train
teatro trovare comune gubbio area archeologico	train
necropoli etrusco dire sperandio raggiungere facilmente partire arco augusto attraverso corso garibaldo via sperandio fino arrivare proprieta villa sperandio attorno trovare sparso resto necropolo	train
tempo faro segnalazione campanile pia antico laumbrio	train
testimonianza antico fin secolo	train
antico castello medievale assedere miracolo religioso opera arte contemporaneo	train
castello forma fonte costanzo	train
olmeto caina mercatello tripolo percorso riscoperta spiritualita	train
percorso storico culturale	train
museo ubicare interno consorzio tabacchicoltore pressi scalo ferroviario giustino	train
rasigliare borgo montare comune foligno celebre suggestiva sorgente	train
deruto citta ricco evento culturale	train
antico romitorio luogo pace spiritualito	train
fornace muro citta	train
fanciullo capolavoro bartolomeo caporale	train
incantevole borgo medievale due passo deruta	train
vero scrigno arte fede cuore deruta	train
incantevole borgo medievale immergere natura	train
progetto scultore brufa strada vino arte nascere obiettivo portare avanti esperienza artistico originale moderno costituzione vero proprio museo plein air	train
dedicare storia cannara territorio	train
prodotto sotto denominazione todo doc comprendere comune collazzone massa martano monte castello vibio tode	train
campo sole tuoro trasimeno originale museo aperto unico genere sorgere punta navaccia zona grande interesse naturalistico	train
santi apollinare finestra valle nestore	train
collelungere scoperta storia arte fede	train
spina tuffo medioevo	train
festa giovanno folclore cultura buono cucina	train
sorgente fiume clitunno creare laghetto acqua riflesso smeraldo giardino acqua fonte ispirazione poeta properzio plinio virgilio byron carduccio	train
qui coltivare sangiovesa canaiolo trebbiare dare vita due rosso assoluto livello rosso torgiano doc rosso riserva docgre	train
castello campello costruire secolo barone borgogna rovero champeaux insediamento fortificato posto sommita colle posizione dominante valle spoletino	train
fontana memoria caduto ivan theimer trovare piazza don minzone foligno trattare opera arte contemporaneo folignato avere ribattezzo fontana tartaruga causa testuggine bronzo trovare intorno fonte	train
palazzo trinco trovare lato nord piazza repubblica antico platea magno cuore pulsante citta foligno	train
fra pia antico stroncone sapere certezza consolo stronconese fare dono allaabbazia benedevere fundis	train
poco distante borgo giano umbria posizione isolato dominante sorgere felice storico iacobillo dare istituzione complesso mentre realizzazione monastero annesso risalire inizio xii secolo venire edificare sopra oratorio secolo ospitare sepolcro vescovo martire felice	train
castello pendio sec xii immergere paesaggio olivo spoleto campello fonte clitunno tappa via	train
primo foresta interattivo albero parlante raccontare clima cambiare	train
cuore isola polvese fondamentale punto riferimento conoscenza primo romanico umbro	train
luogo tempo fermare potere godere meraviglioso tramonto	train
scoperta gioiello particolarmente prezioso custodire nellaantico centro monte castello vibio poco distanza tode	train
progetto tenere vivo ricordo sapere pratica modo vivere mondo contadino	train
piccolo canyon vicino piegaro	train
lungo via germanico area ricco reperto archeologico	train
score pia suggestivo antico borgo medievale passignare	train
basilica paleocristiana salvatore maggiore monumento spoletino antichita	train
duomo spoleto dedicare assunto sorgere fondo scenografico piazza affacciare cinquecentesco rancano poi arrone palazzo signoria chiesetto ottagonare manna piccolo teatro caio melisso	train
grande cultura gastronomico vero protagonista denominazione origine trebbiano spoletino vitigno recentemente riscoperto valorizzare	train
santuario essere eretto autorizzazione ecclesiastico vescovo spoleto eroli datato	train
senso dellaarte spoleto inclina natura grazia bellezza ogni tempo esplode palazzo arte visivo	train
luglio essere essere inaugurare locale museo paleontologico pietrafitta ospitare resto fossile rinvenere bacino circondare laalto nestore	train
eccezionale tesoro archeologico cuore dellaumbrio	train
castello poggio sec giare sede visconte valle topino residenza municipale fino	train
bagliono trovare piazza repubblica centro storico spello palazzo comunale santaandrea	train
convento girolamo trovare poco fuori muro spello lungo strada condurre collepino	train
passeggiare lungo centrale via cavour spello poco dopo maggiore incontrare dedicare	train
zona ricco sentiero mezzo mtb trail running trekking passeggiata	train
presso malizia torgiano ospitare due collezione permanente altro estemporanea	train
storico casa agricolo gentilizia borgo storico torgiano	train
antico mulino macina pietra situare sponda fiume chiascio pressi torgiano	train
storico birrificio fondato perugia sede togiare	train
collocare interno centro storico torgiano essere edificare fine secolo	train
percorso suggestivo snodare lungo fiume fino confluenza chiascio pressi torgiano	train
interno esporre unainteressante tavola nicola liberatore	train
trattare unico navata cinque altario arricchire pregevole opera daarto	train
trattare grande camera sepolcrale scoprire pressi borgo bettona	train
luogo dimorare durante visita cannaro	train
origine risalge albore cristianesimo secondo tradizione sorgere casa primo miracolata crispolto	train
torre trovare colle passaggio bettona risalire secolo	train
convento essere eretto frato francescano pressi bettona sopra resto fortilizio utilizzato ospedale povero	train
essere eretta monace benedettino inizio sec bettona conservare corpo santo patrono	train
avenerabile confraternita santaandrea apostoloa avere ancora sede sacro edificio bettona	train
bettona edificio risalente xii sec	train
luogo ideale amare conquistare angolo insolito circa chilometro foligno fuori circuito pia battuta spettacolo fiume compiere balzo olimpionice entrerare cuore	train
michela arcangelo pia antico perugia	train
teatro romano sec eloquere testimonianza spoleto romano stato riportare luce	train
teodelapio trovare fuori centro storico fronte stazione ferroviario spoleto	train
meta cittadino ridosso muro perugia pua regalare momento relax attivire fisico cultura plein air	train
splendido colonia julia epoca romano spello conquisterare via medievale infiorata affresco pintoricchio	train
principale nocera madre diocesi nocera fino	train
palazzo penna gia vibo situare perugia viale indipendenza tre arco avere ingresso via podiano traverso corso cavour	train
palazzo corgna sorgere piazza gramsci centro storico castiglion lago collegato tramite camminamento coperto bellissimo fortezza medievale dominare lago trasimeno	train
protettore innamorato festeggiare febbraio stato vescovo terno	train
piazza grande gubbio terrazza pensile affacciare panorama umbro pia suggestivo ardito realizzazione urbanistico medievale	train
borgo medievale panicale capolavore perugino arte ricamare tulle	train
santuario lacrima passeggiata oliveto ammirare affresco perugino spagna	train
visitare parco monte subasio scoprire luogo memoria francescano	train
claudio trovare fuori contesto urbano lungo via centrale umbrare spello condurre fideliare	train
raggiungere piazza duomo rimarrao senza fiato ricchezza facciata slancio guglia oro sfondo mosaico rosone portale bronzei caso maggiore attrattivo orvieto straordinario sintesi architettura scultura arte decorative pittura considerare gioiello stile romanico gotico	train
antico abbazia santo fidenzio terenzio risalire secolo quando vicino monastero essere stabilire comunito monace benedettino rerre complesso fino conclusione xiv secolo	train
patrimonio umanita basilica assisi custodire tomba santo capolavore giotto cimabuire	train
eremo dedicare cura dolore reumatico	train
rocca spoleto museo arte storia	train
maggiore custodire cappella interamente affrescare pintoricchio commissione baglione fine dellaestare primavera	train
cuore valnerina allainterno parco fluviale fiume nero cripta santo stefano centro ferentillo custodire prezioso insolito tesoro	train
splendido borgo lungo antico via spina	train
parco comprendere rovina municipio romano carsulae sorgere lato via flaminia presso gemino localire noto sino antichita fonte acqua minerale	train
abbazia sane salvatore montecoarona fra pia importante abbazia benedettino umbre trovare poco distante citta umbertida contesto isolato	train
oratorio bianco citta pieve custodire maggiore capolavore perugino	train
museo olivo olio moo ospitare interno borgo torgiano rinomato centro produzione vitivinicolo fra perugia assiso	train
museo vino muvit ospitare interno palazzo graziano baglione lungo corso principale torgiano rinomare centro produzione vitivinicolo fra perugia assiso	train
luogo pia significativo dellaesperienza francescana pendico monte	train
passare foligno meritare sicuramente visita splendido oratorio nunziatella edificato attribuito senza riscontro certo pietrasanta	train
maestoso ponte torro simbolo spoleto collegare colle monteluco	train
santo gervasio protasio duomo citta posizionato nellaarea occupare piazza gramsci plebiscito piazza pia centrale citta	train
istituire gruppo notabile locale museo tipologia pia antico ospitare trecentesco convento interamente restaurato	train
pinacoteca comunale allestire allainterno palazzo console edificio trecentesco presentare forma gotico parte inferiore mentre fascia soprastante frutto rifacimento settecentesco	train
castello giove cosa conoscere oggi risultato opera restauro iniziare famiglia farnese xvi secolo continuare duco ciriaco asdrubale matteo essere fortificazione medievale scopo difensivo	train
opera dellaa pinacotecaa bettona segnalare due dipinto attribere pietro vannucci dire ail ila antonio padovo laa misericordia santo stefare girolamo committente oltre segnalare gonfalone santaanna	train
sebastiano essere edificare certamente fra xiv secolo venire modificare forma attuale	train
antiquarium organizzare tre sezione paleontologica preistorico protostorica archeologico	train
abbazia inglobare ampliamento quattrocentesco muro trovare fronte giardino frontone perugia	train
collezione includere due distinto sezione archeologica pittorica	train
compignare paese fornaciai	train
affresco meo siena piccolo scrigno arte	train
tempio trovare subito fuori muro duecentesco centro abitato	train
monumentale domenico citta castello essere iniziare xiv secolo terminare	train
gola forello valle umbrare situare tode orvieto formare fiume tevere attraversare dorsale monte peglia monte amerino	train
contesto montagnadatazione secololaantico abbazia situare parco naturale monte cucco valle fosso artino penode monte catria lungo percorso unire scheggiare isola fossaro	train
ampio collezione famiglia illustrare originale replica eseguire artista frequentarono fabbrica	train
percorso acquedotto andare monte pacciano circa chilometro centro storico fino fontana maggiore centro storico perugia	train
piazza popolo todo pia bello piazza medievale	train
abbazia sassovivo trovare poco chilometro foligno direzione camerino imponente vista arroccare pendico monte aguzzo mola pietra calcareo stagliare cupo leccio ricoprire pendico monte circostante pia antico testimonianza presenza benedettino valle spoletina	train
luogo predica uccello	train
piccolo frazione fontignano trovare annunziata ultimo luogo lavoro pietro vannuccio custode tomba divin pittore	train
allainterno splendido spellosere presente due opera pietro vannucci dire ail peruginoa	train
caa pere raro bellezza montefalco insieme vino sagrantino rendere unico borgo costruire frato minore trasformare museo ambiente dellaannesso convento	train
bellezza pittura umbro rinascimento scrigno opera daarte fra spiccare firma apadrone casaa benozzo gozzoli fortemente legare territorio	train
magico parco museo dellaartistare brajo fuso	train
casa vacanze trasformare coloratissimo gioiello daarte contemporaneo borgo medievale tode	train
costruire entro laala nuovo palazzo priore essere sede corporazione cambiatore moneta	train
santo giare sede societa disciplinato salvatore tre parrocchia citta	train
splendido castello pupaggio comune sellano luogo incantato rimanere indietro tempo	train
paradiso dellaarcadiare perugina	train
scrigno memoria cittadino	train
gotico servo trovare subito fuori cinta medioevale citta vicino porta romano	train
fabbrica chimico diventare fabbrica cultura	train
fondare nellaxi xii maggiore essere eretta probabilmente resto tempio pagare dedicare giunone vesta poi intitolare nativita quindi appartenere abbazia camaldolese silvestro collepino	train
scoperta segreto pittura vetro tramandare cinque generazione	train
cappella sorgere adiacente piccolo severo rione porta sole centro storico citta perugia	train
scrigno daarte cuore centro storico perugia	train
unaopera arte ziggurart numeroso artista internazionale avere scegliere vivere ina umbriaa	train
spazio espositivo punto arrivo crescente ricerca artistico contemporaneo citta foligno	train
descrizione mancare	train
antico castello immerso millenario	train
descrizione mancare	train
